Dados,Model,window,Qtd obj,Accuracy,auc_roc,f1_score,f_beta_2,Precision,Recall,P,N,TP,FP,FN,TN,rcs ml,rcs always hot,rcs always warm,rcs opt,cost ml,cost always hot,cost always warm,cost opt
pop,Online,0,236.0,0.7330508474576272,0.6109246666077894,0.8273972602739726,0.8658256880733946,0.7704081632653061,0.893491124260355,169.0,67.0,151.0,45.0,18.0,22.0,0.0,-0.017752019668412704,-234.5117025824349,0.0,1.3379740858070477,1.361725828094121,315.10855495959464,1.3379740858070477,1.3379740858070477
pop,Always Hot,0,236.0,0.7161016949152542,0.5,0.8345679012345679,0.9265350877192983,0.7161016949152542,1.0,169.0,67.0,169.0,67.0,0.0,0.0,-0.017752019668412704,-0.017752019668412704,-234.5117025824349,0.0,1.361725828094121,1.361725828094121,315.10855495959464,1.3379740858070477,1.3379740858070477
pop,Always Warm,0,236.0,0.2838983050847458,0.5,0.0,0.0,0.0,0.0,169.0,67.0,0.0,0.0,169.0,67.0,-234.5117025824349,-0.017752019668412704,-234.5117025824349,0.0,315.10855495959464,1.361725828094121,315.10855495959464,1.3379740858070477,1.3379740858070477
pop,SVMR,0,236.0,0.711864406779661,0.5015455268038507,0.8308457711442786,0.9185918591859186,0.7167381974248928,0.9881656804733728,169.0,67.0,167.0,66.0,2.0,1.0,-0.34097074915720066,-0.017752019668412704,-234.5117025824349,0.0,1.7941841121975974,1.361725828094121,315.10855495959464,1.3379740858070477,1.3379740858070477
pop,Online,1,553.0,0.7233273056057866,0.7174446046938509,0.7605633802816901,0.805168986083499,0.6962750716332379,0.8379310344827586,290.0,263.0,243.0,106.0,47.0,157.0,0.0,-0.06545421665343555,-147.7647287581825,0.0,2.4844648063177655,2.6470835040183243,369.60073302111283,2.4844648063177655,2.4844648063177655
pop,Always Hot,1,553.0,0.5244122965641953,0.5,0.6880189798339265,0.8464681844716871,0.5244122965641953,1.0,290.0,263.0,290.0,263.0,0.0,0.0,-0.06545421665343555,-0.06545421665343555,-147.7647287581825,0.0,2.6470835040183243,2.6470835040183243,369.60073302111283,2.4844648063177655,2.4844648063177655
pop,Always Warm,1,553.0,0.4755877034358047,0.5,0.0,0.0,0.0,0.0,290.0,263.0,0.0,0.0,290.0,263.0,-147.7647287581825,-0.06545421665343555,-147.7647287581825,0.0,369.60073302111283,2.6470835040183243,369.60073302111283,2.4844648063177655,2.4844648063177655
pop,SVMR,1,553.0,0.7124773960216998,0.7140028844893143,0.7135135135135136,0.6947368421052632,0.7471698113207547,0.6827586206896552,290.0,263.0,198.0,67.0,92.0,196.0,-0.049903309558376775,-0.06545421665343555,-147.7647287581825,0.0,2.6084478226343335,2.6470835040183243,369.60073302111283,2.4844648063177655,2.4844648063177655
pop,Online,2,700.0,0.6842857142857143,0.7218878825264045,0.5930018416206262,0.706140350877193,0.4680232558139535,0.8090452261306532,199.0,501.0,161.0,183.0,38.0,318.0,0.0,-0.1749209179356684,-126.78527205692869,0.0,3.6729686086678734,4.315447649244953,469.3512929151831,3.6729686086678734,3.6729686086678734
pop,Always Hot,2,700.0,0.2842857142857143,0.5,0.44271412680756395,0.6651069518716578,0.2842857142857143,1.0,199.0,501.0,199.0,501.0,0.0,0.0,-0.1749209179356684,-0.1749209179356684,-126.78527205692869,0.0,4.315447649244953,4.315447649244953,469.3512929151831,3.6729686086678734,3.6729686086678734
pop,Always Warm,2,700.0,0.7157142857142857,0.5,0.0,0.0,0.0,0.0,199.0,501.0,0.0,0.0,199.0,501.0,-126.78527205692869,-0.1749209179356684,-126.78527205692869,0.0,469.3512929151831,4.315447649244953,469.3512929151831,3.6729686086678734,3.6729686086678734
pop,SVMR,2,700.0,0.7671428571428571,0.7252479964693728,0.6053268765133172,0.6188118811881188,0.5841121495327103,0.628140703517588,199.0,501.0,125.0,89.0,74.0,412.0,-0.4363947628455372,-0.1749209179356684,-126.78527205692869,0.0,5.275832873586593,4.315447649244953,469.3512929151831,3.6729686086678734,3.6729686086678734
pop,Online,3,788.0,0.7347715736040609,0.6637708052181737,0.36085626911314983,0.4616588419405321,0.2645739910313901,0.5673076923076923,104.0,684.0,59.0,164.0,45.0,520.0,0.0,-0.22401240390772548,-16.94085924281047,0.0,4.542457339387701,5.56002412763223,81.49558774242608,4.542457339387701,4.542457339387701
pop,Always Hot,3,788.0,0.1319796954314721,0.5,0.23318385650224216,0.4318936877076412,0.1319796954314721,1.0,104.0,684.0,104.0,684.0,0.0,0.0,-0.22401240390772548,-0.22401240390772548,-16.94085924281047,0.0,5.56002412763223,5.56002412763223,81.49558774242608,4.542457339387701,4.542457339387701
pop,Always Warm,3,788.0,0.868020304568528,0.5,0.0,0.0,0.0,0.0,104.0,684.0,0.0,0.0,104.0,684.0,-16.94085924281047,-0.22401240390772548,-16.94085924281047,0.0,81.49558774242608,5.56002412763223,81.49558774242608,4.542457339387701,4.542457339387701
pop,SVMR,3,788.0,0.8451776649746193,0.6417566351776878,0.3838383838383838,0.37254901960784315,0.40425531914893614,0.36538461538461536,104.0,684.0,38.0,56.0,66.0,628.0,-3.8717317294564775,-0.22401240390772548,-16.94085924281047,0.0,22.12963354999751,5.56002412763223,81.49558774242608,4.542457339387701,4.542457339387701
pop,Online,4,850.0,0.8247058823529412,0.6516385871573191,0.4419475655430712,0.4013605442176871,0.5315315315315315,0.3782051282051282,156.0,694.0,59.0,52.0,97.0,642.0,0.0,-0.43961984015156313,-9.321222363217446,0.0,4.13146670228602,5.947741433536506,42.6417865205227,4.13146670228602,4.13146670228602
pop,Always Hot,4,850.0,0.18352941176470589,0.5,0.3101391650099404,0.5291723202170964,0.18352941176470589,1.0,156.0,694.0,156.0,694.0,0.0,0.0,-0.43961984015156313,-0.43961984015156313,-9.321222363217446,0.0,5.947741433536506,5.947741433536506,42.6417865205227,4.13146670228602,4.13146670228602
pop,Always Warm,4,850.0,0.8164705882352942,0.5,0.0,0.0,0.0,0.0,156.0,694.0,0.0,0.0,156.0,694.0,-9.321222363217446,-0.43961984015156313,-9.321222363217446,0.0,42.6417865205227,5.947741433536506,42.6417865205227,4.13146670228602,4.13146670228602
pop,SVMR,4,850.0,0.82,0.5121000517254118,0.049689440993788817,0.03179650238473768,0.8,0.02564102564102564,156.0,694.0,4.0,1.0,152.0,693.0,-8.947426500626914,-0.43961984015156313,-9.321222363217446,0.0,41.09746136077764,5.947741433536506,42.6417865205227,4.13146670228602,4.13146670228602
pop,Online,5,872.0,0.7121559633027523,0.6405025409373235,0.48459958932238195,0.4060564349621473,0.7151515151515152,0.36645962732919257,322.0,550.0,118.0,47.0,204.0,503.0,0.0,-0.33181776744748437,-17.47177260639057,0.0,4.955494449846733,6.599815554793276,91.5367666297994,4.955494449846733,4.955494449846733
pop,Always Hot,5,872.0,0.36926605504587157,0.5,0.5393634840871022,0.7453703703703703,0.36926605504587157,1.0,322.0,550.0,322.0,550.0,0.0,0.0,-0.33181776744748437,-0.33181776744748437,-17.47177260639057,0.0,6.599815554793276,6.599815554793276,91.5367666297994,4.955494449846733,4.955494449846733
pop,Always Warm,5,872.0,0.6307339449541285,0.5,0.0,0.0,0.0,0.0,322.0,550.0,0.0,0.0,322.0,550.0,-17.47177260639057,-0.33181776744748437,-17.47177260639057,0.0,91.5367666297994,6.599815554793276,91.5367666297994,4.955494449846733,4.955494449846733
pop,SVMR,5,872.0,0.6651376146788991,0.5562394127611519,0.2356020942408377,0.16691394658753708,0.75,0.13975155279503104,322.0,550.0,45.0,15.0,277.0,535.0,-0.373876427777255,-0.33181776744748437,-17.47177260639057,0.0,6.808237012625443,6.599815554793276,91.5367666297994,4.955494449846733,4.955494449846733
pop,Online,6,915.0,0.6830601092896175,0.6849219168132119,0.6393034825870647,0.5851548269581056,0.7558823529411764,0.5538793103448276,464.0,451.0,257.0,83.0,207.0,368.0,0.0,-0.22795165469598672,-48.7669964075641,0.0,6.1783698064279,7.5867394271268624,307.47890796109976,6.1783698064279,6.1783698064279
pop,Always Hot,6,915.0,0.507103825136612,0.5,0.6729514140681654,0.8372428726091664,0.507103825136612,1.0,464.0,451.0,464.0,451.0,0.0,0.0,-0.22795165469598672,-0.22795165469598672,-48.7669964075641,0.0,7.5867394271268624,7.5867394271268624,307.47890796109976,6.1783698064279,6.1783698064279
pop,Always Warm,6,915.0,0.492896174863388,0.5,0.0,0.0,0.0,0.0,464.0,451.0,0.0,0.0,464.0,451.0,-48.7669964075641,-0.22795165469598672,-48.7669964075641,0.0,307.47890796109976,7.5867394271268624,307.47890796109976,6.1783698064279,6.1783698064279
pop,SVMR,6,915.0,0.6765027322404371,0.678487460815047,0.628140703517588,0.5712979890310786,0.7530120481927711,0.5387931034482759,464.0,451.0,250.0,82.0,214.0,369.0,-0.1613362687580451,-0.22795165469598672,-48.7669964075641,0.0,7.175164938004342,7.5867394271268624,307.47890796109976,6.1783698064279,6.1783698064279
pop,Online,7,996.0,0.7379518072289156,0.7388676265111476,0.72840790842872,0.7427843803056027,0.7056451612903226,0.7526881720430108,465.0,531.0,350.0,146.0,115.0,385.0,0.0,-0.1316257854376023,-100.77032679335963,0.0,8.044181988366292,9.103003760788019,818.659029741295,8.044181988366292,8.044181988366292
pop,Always Hot,7,996.0,0.46686746987951805,0.5,0.6365503080082136,0.8140756302521008,0.46686746987951805,1.0,465.0,531.0,465.0,531.0,0.0,0.0,-0.1316257854376023,-0.1316257854376023,-100.77032679335963,0.0,9.103003760788019,9.103003760788019,818.659029741295,8.044181988366292,8.044181988366292
pop,Always Warm,7,996.0,0.5331325301204819,0.5,0.0,0.0,0.0,0.0,465.0,531.0,0.0,0.0,465.0,531.0,-100.77032679335963,-0.1316257854376023,-100.77032679335963,0.0,818.659029741295,9.103003760788019,818.659029741295,8.044181988366292,8.044181988366292
pop,SVMR,7,996.0,0.7369477911646586,0.7376587084624264,0.7265135699373695,0.7394815129621759,0.7058823529411765,0.7483870967741936,465.0,531.0,348.0,145.0,117.0,386.0,-0.054310714743490016,-0.1316257854376023,-100.77032679335963,0.0,8.481067261681174,9.103003760788019,818.659029741295,8.044181988366292,8.044181988366292
pop,Online,8,1112.0,0.7517985611510791,0.7511185976733169,0.7234468937875751,0.736734693877551,0.7023346303501945,0.7458677685950413,484.0,628.0,361.0,153.0,123.0,475.0,0.0,-0.12116337217096053,-113.15328592826616,0.0,10.279309358101521,11.524785143517613,1173.416940300465,10.279309358101521,10.279309358101521
pop,Always Hot,8,1112.0,0.4352517985611511,0.5,0.606516290726817,0.7939632545931758,0.4352517985611511,1.0,484.0,628.0,484.0,628.0,0.0,0.0,-0.12116337217096053,-0.12116337217096053,-113.15328592826616,0.0,11.524785143517613,11.524785143517613,1173.416940300465,10.279309358101521,10.279309358101521
pop,Always Warm,8,1112.0,0.564748201438849,0.5,0.0,0.0,0.0,0.0,484.0,628.0,0.0,0.0,484.0,628.0,-113.15328592826616,-0.12116337217096053,-113.15328592826616,0.0,1173.416940300465,11.524785143517613,1173.416940300465,10.279309358101521,10.279309358101521
pop,SVMR,8,1112.0,0.7473021582733813,0.7253447912828341,0.6568986568986569,0.5922501100836636,0.8029850746268656,0.5557851239669421,484.0,628.0,269.0,66.0,215.0,562.0,-0.04616755218399989,-0.12116337217096053,-113.15328592826616,0.0,10.753879909307152,11.524785143517613,1173.416940300465,10.279309358101521,10.279309358101521
pop,Online,9,1216.0,0.7870065789473685,0.7821160162556366,0.7463271302644466,0.7502953918865695,0.7398058252427184,0.7529644268774703,506.0,710.0,381.0,134.0,125.0,576.0,0.0,-0.15162931165203428,-82.52583236640132,0.0,11.52495947682099,13.272481149108946,962.6318332905183,11.52495947682099,11.52495947682099
pop,Always Hot,9,1216.0,0.4161184210526316,0.5,0.5876887340301974,0.7808641975308642,0.4161184210526316,1.0,506.0,710.0,506.0,710.0,0.0,0.0,-0.15162931165203428,-0.15162931165203428,-82.52583236640132,0.0,13.272481149108946,13.272481149108946,962.6318332905183,11.52495947682099,11.52495947682099
pop,Always Warm,9,1216.0,0.5838815789473685,0.5,0.0,0.0,0.0,0.0,506.0,710.0,0.0,0.0,506.0,710.0,-82.52583236640132,-0.15162931165203428,-82.52583236640132,0.0,962.6318332905183,13.272481149108946,962.6318332905183,11.52495947682099,11.52495947682099
pop,SVMR,9,1216.0,0.7763157894736842,0.7547904024940155,0.6997792494481236,0.6538778877887789,0.7925,0.6264822134387352,506.0,710.0,317.0,83.0,189.0,627.0,-0.11973629372787643,-0.15162931165203428,-82.52583236640132,0.0,12.904915409939502,13.272481149108946,962.6318332905183,11.52495947682099,11.52495947682099
pop,Online,10,1309.0,0.8013750954927426,0.7960069528856907,0.7560975609756098,0.7638362395754359,0.7435424354243543,0.7690839694656488,524.0,785.0,403.0,139.0,121.0,646.0,0.0,-0.19433685486959196,-78.19723311477229,0.0,12.58046602493206,15.025314225011114,996.338100469017,12.58046602493206,12.58046602493206
pop,Always Hot,10,1309.0,0.400305576776165,0.5,0.5717403164211675,0.7694566813509545,0.400305576776165,1.0,524.0,785.0,524.0,785.0,0.0,0.0,-0.19433685486959196,-0.19433685486959196,-78.19723311477229,0.0,15.025314225011114,15.025314225011114,996.338100469017,12.58046602493206,12.58046602493206
pop,Always Warm,10,1309.0,0.599694423223835,0.5,0.0,0.0,0.0,0.0,524.0,785.0,0.0,0.0,524.0,785.0,-78.19723311477229,-0.19433685486959196,-78.19723311477229,0.0,996.338100469017,15.025314225011114,996.338100469017,12.58046602493206,12.58046602493206
pop,SVMR,10,1309.0,0.7922077922077922,0.7832875480138085,0.739961759082218,0.7391138273491215,0.7413793103448276,0.7385496183206107,524.0,785.0,387.0,135.0,137.0,650.0,-0.047225301210274656,-0.19433685486959196,-78.19723311477229,0.0,13.174582322325103,15.025314225011114,996.338100469017,12.58046602493206,12.58046602493206
pop,Online,11,1387.0,0.8038932948810382,0.7951612207484092,0.755834829443447,0.7517857142857143,0.7626811594202898,0.7491103202846975,562.0,825.0,421.0,131.0,141.0,694.0,0.0,-0.16630412703762937,-286.1937391830944,0.0,14.892573239693965,17.36926963166523,4277.0537947657995,14.892573239693965,14.892573239693965
pop,Always Hot,11,1387.0,0.40519105984138426,0.5,0.5767060030785018,0.7730398899587345,0.40519105984138426,1.0,562.0,825.0,562.0,825.0,0.0,0.0,-0.16630412703762937,-0.16630412703762937,-286.1937391830944,0.0,17.36926963166523,17.36926963166523,4277.0537947657995,14.892573239693965,14.892573239693965
pop,Always Warm,11,1387.0,0.5948089401586157,0.5,0.0,0.0,0.0,0.0,562.0,825.0,0.0,0.0,562.0,825.0,-286.1937391830944,-0.16630412703762937,-286.1937391830944,0.0,4277.0537947657995,17.36926963166523,4277.0537947657995,14.892573239693965,14.892573239693965
pop,SVMR,11,1387.0,0.809661139149243,0.7846942736978324,0.7354709418837675,0.6836810730253353,0.841743119266055,0.6530249110320284,562.0,825.0,367.0,69.0,195.0,756.0,0.00045411129405085467,-0.16630412703762937,-286.1937391830944,0.0,14.88581035398834,17.36926963166523,4277.0537947657995,14.892573239693965,14.892573239693965
pop,Online,12,1474.0,0.7896879240162822,0.7840826396407589,0.7290209790209791,0.748653500897666,0.6984924623115578,0.7623400365630713,547.0,927.0,417.0,180.0,130.0,747.0,0.0,-0.12603880365103196,-370.8240398552784,0.0,17.804234425183388,20.04825883205602,6620.042370502108,17.804234425183388,17.804234425183388
pop,Always Hot,12,1474.0,0.3710990502035278,0.5,0.541316180108857,0.7468596395412342,0.3710990502035278,1.0,547.0,927.0,547.0,927.0,0.0,0.0,-0.12603880365103196,-0.12603880365103196,-370.8240398552784,0.0,20.04825883205602,20.04825883205602,6620.042370502108,17.804234425183388,17.804234425183388
pop,Always Warm,12,1474.0,0.6289009497964722,0.5,0.0,0.0,0.0,0.0,547.0,927.0,0.0,0.0,547.0,927.0,-370.8240398552784,-0.12603880365103196,-370.8240398552784,0.0,6620.042370502108,20.04825883205602,6620.042370502108,17.804234425183388,17.804234425183388
pop,SVMR,12,1474.0,0.805291723202171,0.775130209103692,0.7149950347567031,0.6797583081570997,0.782608695652174,0.6581352833638026,547.0,927.0,360.0,100.0,187.0,827.0,-0.01355236747945162,-0.12603880365103196,-370.8240398552784,0.0,18.045523952803777,20.04825883205602,6620.042370502108,17.804234425183388,17.804234425183388
pop,Online,13,1569.0,0.8196303377947738,0.8059455737247655,0.7554019014693172,0.754228512254056,0.75736568457539,0.753448275862069,580.0,989.0,437.0,140.0,143.0,849.0,0.0,-0.15287633513910034,-87.50976683002676,0.0,19.02346719277116,21.931705138840925,1683.7626455308393,19.02346719277116,19.02346719277116
pop,Always Hot,13,1569.0,0.36966220522625876,0.5,0.5397859469520707,0.7456929802005657,0.36966220522625876,1.0,580.0,989.0,580.0,989.0,0.0,0.0,-0.15287633513910034,-0.15287633513910034,-87.50976683002676,0.0,21.931705138840925,21.931705138840925,1683.7626455308393,19.02346719277116,19.02346719277116
pop,Always Warm,13,1569.0,0.6303377947737412,0.5,0.0,0.0,0.0,0.0,580.0,989.0,0.0,0.0,580.0,989.0,-87.50976683002676,-0.15287633513910034,-87.50976683002676,0.0,1683.7626455308393,21.931705138840925,1683.7626455308393,19.02346719277116,19.02346719277116
pop,SVMR,13,1569.0,0.8126195028680688,0.7729333007914647,0.7100591715976331,0.6535947712418301,0.8294930875576036,0.6206896551724138,580.0,989.0,360.0,74.0,220.0,915.0,-0.4647481308167301,-0.15287633513910034,-87.50976683002676,0.0,27.864588012264946,21.931705138840925,1683.7626455308393,19.02346719277116,19.02346719277116
pop,Online,14,1662.0,0.8074608904933814,0.7960182500877409,0.7310924369747899,0.7476796149879684,0.7050243111831442,0.7591623036649214,573.0,1089.0,435.0,182.0,138.0,907.0,0.0,-0.13884633225600468,-61.9647425646257,0.0,21.49453872011239,24.478976584934674,1353.3980970572559,21.49453872011239,21.49453872011239
pop,Always Hot,14,1662.0,0.3447653429602888,0.5,0.512751677852349,0.7245827010622155,0.3447653429602888,1.0,573.0,1089.0,573.0,1089.0,0.0,0.0,-0.13884633225600468,-0.13884633225600468,-61.9647425646257,0.0,24.478976584934674,24.478976584934674,1353.3980970572559,21.49453872011239,21.49453872011239
pop,Always Warm,14,1662.0,0.6552346570397112,0.5,0.0,0.0,0.0,0.0,573.0,1089.0,0.0,0.0,573.0,1089.0,-61.9647425646257,-0.13884633225600468,-61.9647425646257,0.0,1353.3980970572559,24.478976584934674,1353.3980970572559,21.49453872011239,21.49453872011239
pop,SVMR,14,1662.0,0.8212996389891697,0.78135712190924,0.7157894736842105,0.6765557163531114,0.7923728813559322,0.6527050610820244,573.0,1089.0,374.0,98.0,199.0,991.0,-0.04893308528765784,-0.13884633225600468,-61.9647425646257,0.0,22.546332816522515,24.478976584934674,1353.3980970572559,21.49453872011239,21.49453872011239
pop,Online,15,1747.0,0.8065254722381225,0.786386014437916,0.7278582930756844,0.7188295165394402,0.743421052631579,0.7129337539432177,634.0,1113.0,452.0,156.0,182.0,957.0,0.0,-0.13572011887999513,-91.57927442418173,0.0,23.395902897601285,26.571197620168554,2165.9757147585383,23.395902897601285,23.395902897601285
pop,Always Hot,15,1747.0,0.36290784201488263,0.5,0.5325493490130198,0.7401354190987626,0.36290784201488263,1.0,634.0,1113.0,634.0,1113.0,0.0,0.0,-0.13572011887999513,-0.13572011887999513,-91.57927442418173,0.0,26.571197620168554,26.571197620168554,2165.9757147585383,23.395902897601285,23.395902897601285
pop,Always Warm,15,1747.0,0.6370921579851173,0.5,0.0,0.0,0.0,0.0,634.0,1113.0,0.0,0.0,634.0,1113.0,-91.57927442418173,-0.13572011887999513,-91.57927442418173,0.0,2165.9757147585383,26.571197620168554,2165.9757147585383,23.395902897601285,23.395902897601285
pop,SVMR,15,1747.0,0.8065254722381225,0.7609304718256565,0.6904761904761905,0.6295925183700735,0.8231441048034934,0.5946372239747634,634.0,1113.0,377.0,81.0,257.0,1032.0,-0.05382333174823145,-0.13572011887999513,-91.57927442418173,0.0,24.65514834080829,26.571197620168554,2165.9757147585383,23.395902897601285,23.395902897601285
pop,Online,16,1819.0,0.8207806487080813,0.8080692120783961,0.7468944099378882,0.7589144840643737,0.7276853252647504,0.7671451355661882,627.0,1192.0,481.0,180.0,146.0,1012.0,0.0,-0.15540407404854667,-94.37262444768172,0.0,25.165094647656403,29.075852879719484,2400.0611210212996,25.165094647656403,25.165094647656403
pop,Always Hot,16,1819.0,0.3446948873007147,0.5,0.5126737530662305,0.724520452969725,0.3446948873007147,1.0,627.0,1192.0,627.0,1192.0,0.0,0.0,-0.15540407404854667,-0.15540407404854667,-94.37262444768172,0.0,29.075852879719484,29.075852879719484,2400.0611210212996,25.165094647656403,25.165094647656403
pop,Always Warm,16,1819.0,0.6553051126992854,0.5,0.0,0.0,0.0,0.0,627.0,1192.0,0.0,0.0,627.0,1192.0,-94.37262444768172,-0.15540407404854667,-94.37262444768172,0.0,2400.0611210212996,29.075852879719484,2400.0611210212996,25.165094647656403,25.165094647656403
pop,SVMR,16,1819.0,0.8262781748213304,0.7846709322115538,0.7208480565371025,0.6770660471291072,0.807920792079208,0.6507177033492823,627.0,1192.0,408.0,97.0,219.0,1095.0,-0.018291503611013876,-0.15540407404854667,-94.37262444768172,0.0,25.625402067275516,29.075852879719484,2400.0611210212996,25.165094647656403,25.165094647656403
pop,Online,17,1947.0,0.8382126348228043,0.8225756145260815,0.7571318427139553,0.7695924764890282,0.7372372372372372,0.7781299524564184,631.0,1316.0,491.0,175.0,140.0,1141.0,0.0,-0.14818923740974202,-71.92468745335562,0.0,27.416930918801285,31.479825003774025,1999.3711181838257,27.416930918801285,27.416930918801285
pop,Always Hot,17,1947.0,0.32408834103749357,0.5,0.4895267649340574,0.7056586893312458,0.32408834103749357,1.0,631.0,1316.0,631.0,1316.0,0.0,0.0,-0.14818923740974202,-0.14818923740974202,-71.92468745335562,0.0,31.479825003774025,31.479825003774025,1999.3711181838257,27.416930918801285,27.416930918801285
pop,Always Warm,17,1947.0,0.6759116589625064,0.5,0.0,0.0,0.0,0.0,631.0,1316.0,0.0,0.0,631.0,1316.0,-71.92468745335562,-0.14818923740974202,-71.92468745335562,0.0,1999.3711181838257,31.479825003774025,1999.3711181838257,27.416930918801285,27.416930918801285
pop,SVMR,17,1947.0,0.8341037493579867,0.7840650725677869,0.7149161518093556,0.6692002643754131,0.8067729083665338,0.6418383518225039,631.0,1316.0,405.0,97.0,226.0,1219.0,-6.9191820617673265,-0.14818923740974202,-71.92468745335562,0.0,217.11966752088512,31.479825003774025,1999.3711181838257,27.416930918801285,27.416930918801285
pop,Online,18,2022.0,0.83135509396637,0.8106069180772066,0.7354538401861909,0.7476340694006309,0.716012084592145,0.7559808612440191,627.0,1395.0,474.0,188.0,153.0,1207.0,0.0,-0.16879415750241464,-55.72489177151281,0.0,28.557045831506127,33.377308323393045,1619.895334106316,28.557045831506127,28.557045831506127
pop,Always Hot,18,2022.0,0.31008902077151335,0.5,0.4733861834654587,0.6920529801324503,0.31008902077151335,1.0,627.0,1395.0,627.0,1395.0,0.0,0.0,-0.16879415750241464,-0.16879415750241464,-55.72489177151281,0.0,33.377308323393045,33.377308323393045,1619.895334106316,28.557045831506127,28.557045831506127
pop,Always Warm,18,2022.0,0.6899109792284867,0.5,0.0,0.0,0.0,0.0,627.0,1395.0,0.0,0.0,627.0,1395.0,-55.72489177151281,-0.16879415750241464,-55.72489177151281,0.0,1619.895334106316,33.377308323393045,1619.895334106316,28.557045831506127,28.557045831506127
pop,SVMR,18,2022.0,0.8437190900098912,0.7901528013582343,0.720353982300885,0.6758551976087679,0.8091451292246521,0.6491228070175439,627.0,1395.0,407.0,96.0,220.0,1299.0,-0.4158471407227338,-0.16879415750241464,-55.72489177151281,0.0,40.432411688026015,33.377308323393045,1619.895334106316,28.557045831506127,28.557045831506127
pop,Online,19,2122.0,0.8388312912346843,0.8146728678929765,0.740909090909091,0.7477064220183486,0.7298507462686568,0.7523076923076923,650.0,1472.0,489.0,181.0,161.0,1291.0,0.0,-0.17074979925970762,-86.64202744032639,0.0,30.212833453224327,35.37166870042936,2647.9139785574976,30.212833453224327,30.212833453224327
pop,Always Hot,19,2122.0,0.3063147973609802,0.5,0.468975468975469,0.688267683185091,0.3063147973609802,1.0,650.0,1472.0,650.0,1472.0,0.0,0.0,-0.17074979925970762,-0.17074979925970762,-86.64202744032639,0.0,35.37166870042936,35.37166870042936,2647.9139785574976,30.212833453224327,30.212833453224327
pop,Always Warm,19,2122.0,0.6936852026390198,0.5,0.0,0.0,0.0,0.0,650.0,1472.0,0.0,0.0,650.0,1472.0,-86.64202744032639,-0.17074979925970762,-86.64202744032639,0.0,2647.9139785574976,35.37166870042936,2647.9139785574976,30.212833453224327,30.212833453224327
pop,SVMR,19,2122.0,0.8435438265786993,0.7837050585284281,0.711304347826087,0.6596774193548387,0.818,0.6292307692307693,650.0,1472.0,409.0,91.0,241.0,1381.0,-0.11656658763689288,-0.17074979925970762,-86.64202744032639,0.0,33.73464035170845,35.37166870042936,2647.9139785574976,30.212833453224327,30.212833453224327
pop,Online,20,2206.0,0.8236627379873074,0.7937011071213976,0.7141807494489346,0.7151265450264862,0.7126099706744868,0.7157584683357879,679.0,1527.0,486.0,196.0,193.0,1331.0,0.0,-0.17245013026168526,-76.50036863384241,0.0,31.79727784437487,37.28072255060432,2464.3007544917627,31.79727784437487,31.79727784437487
pop,Always Hot,20,2206.0,0.30779691749773347,0.5,0.4707105719237435,0.6897602600568874,0.30779691749773347,1.0,679.0,1527.0,679.0,1527.0,0.0,0.0,-0.17245013026168526,-0.17245013026168526,-76.50036863384241,0.0,37.28072255060432,37.28072255060432,2464.3007544917627,31.79727784437487,31.79727784437487
pop,Always Warm,20,2206.0,0.6922030825022666,0.5,0.0,0.0,0.0,0.0,679.0,1527.0,0.0,0.0,679.0,1527.0,-76.50036863384241,-0.17245013026168526,-76.50036863384241,0.0,2464.3007544917627,37.28072255060432,2464.3007544917627,31.79727784437487,31.79727784437487
pop,SVMR,20,2206.0,0.8485947416137806,0.7920812705614115,0.7239669421487603,0.6744687403757315,0.8248587570621468,0.6450662739322534,679.0,1527.0,438.0,93.0,241.0,1434.0,0.0017111912935157403,-0.17245013026168526,-76.50036863384241,0.0,31.742866619370076,37.28072255060432,2464.3007544917627,31.79727784437487,31.79727784437487
pop,Online,21,2271.0,0.8265081461911052,0.8018921229225705,0.7042042042042042,0.7291666666666666,0.6661931818181818,0.7468152866242038,628.0,1643.0,469.0,235.0,159.0,1408.0,0.0,-0.1953172080720918,-77.09208942248202,0.0,33.2678936967927,39.76568581208939,2597.9593294675615,33.2678936967927,33.2678936967927
pop,Always Hot,21,2271.0,0.2765301629238221,0.5,0.4332528458088996,0.6564917415847794,0.2765301629238221,1.0,628.0,1643.0,628.0,1643.0,0.0,0.0,-0.1953172080720918,-0.1953172080720918,-77.09208942248202,0.0,39.76568581208939,39.76568581208939,2597.9593294675615,33.2678936967927,33.2678936967927
pop,Always Warm,21,2271.0,0.7234698370761778,0.5,0.0,0.0,0.0,0.0,628.0,1643.0,0.0,0.0,628.0,1643.0,-77.09208942248202,-0.1953172080720918,-77.09208942248202,0.0,2597.9593294675615,39.76568581208939,2597.9593294675615,33.2678936967927,33.2678936967927
pop,SVMR,21,2271.0,0.8467635402906208,0.7829364879376316,0.6979166666666666,0.6620553359683794,0.767175572519084,0.6401273885350318,628.0,1643.0,402.0,122.0,226.0,1521.0,-0.0065086809014243095,-0.1953172080720918,-77.09208942248202,0.0,33.484423801127626,39.76568581208939,2597.9593294675615,33.2678936967927,33.2678936967927
pop,Online,22,2337.0,0.8095849379546427,0.7959322554650294,0.569215876089061,0.6774193548387096,0.44954128440366975,0.7757255936675461,379.0,1958.0,294.0,360.0,85.0,1598.0,0.0,-0.20556608513378674,-58.804803495001494,0.0,34.074145950882006,41.07863473828209,2037.797602852499,34.074145950882006,34.074145950882006
pop,Always Hot,22,2337.0,0.1621737270004279,0.5,0.27908689248895435,0.4918245522969115,0.1621737270004279,1.0,379.0,1958.0,379.0,1958.0,0.0,0.0,-0.20556608513378674,-0.20556608513378674,-58.804803495001494,0.0,41.07863473828209,41.07863473828209,2037.797602852499,34.074145950882006,34.074145950882006
pop,Always Warm,22,2337.0,0.8378262729995721,0.5,0.0,0.0,0.0,0.0,379.0,1958.0,0.0,0.0,379.0,1958.0,-58.804803495001494,-0.20556608513378674,-58.804803495001494,0.0,2037.797602852499,41.07863473828209,2037.797602852499,34.074145950882006,34.074145950882006
pop,SVMR,22,2337.0,0.8429610611895593,0.7647834066855146,0.5727590221187427,0.6162324649298597,0.5125,0.6490765171503958,379.0,1958.0,246.0,234.0,133.0,1724.0,-0.03162926207471825,-0.20556608513378674,-58.804803495001494,0.0,35.15188604313465,41.07863473828209,2037.797602852499,34.074145950882006,34.074145950882006
pop,Online,23,2390.0,0.8765690376569037,0.8205740829363181,0.4939965694682676,0.6228373702422145,0.3673469387755102,0.7539267015706806,191.0,2199.0,144.0,248.0,47.0,1951.0,0.0,-0.2931569539443499,-26.638879085526884,0.0,32.612017438343365,42.172457132548125,901.3596067134665,32.612017438343365,32.612017438343365
pop,Always Hot,23,2390.0,0.0799163179916318,0.5,0.1480046493607129,0.3027901077996195,0.0799163179916318,1.0,191.0,2199.0,191.0,2199.0,0.0,0.0,-0.2931569539443499,-0.2931569539443499,-26.638879085526884,0.0,42.172457132548125,42.172457132548125,901.3596067134665,32.612017438343365,32.612017438343365
pop,Always Warm,23,2390.0,0.9200836820083682,0.5,0.0,0.0,0.0,0.0,191.0,2199.0,0.0,0.0,191.0,2199.0,-26.638879085526884,-0.2931569539443499,-26.638879085526884,0.0,901.3596067134665,42.172457132548125,901.3596067134665,32.612017438343365,32.612017438343365
pop,SVMR,23,2390.0,0.9242677824267782,0.633747133989986,0.37800687285223367,0.31828703703703703,0.55,0.2879581151832461,191.0,2199.0,55.0,45.0,136.0,2154.0,-0.6063864649407587,-0.2931569539443499,-26.638879085526884,0.0,52.38750340736677,42.172457132548125,901.3596067134665,32.612017438343365,32.612017438343365
pop,Online,24,2414.0,0.8856669428334715,0.6571061284022645,0.425,0.38202247191011235,0.5230769230769231,0.35789473684210527,285.0,2129.0,102.0,93.0,183.0,2036.0,0.0,-0.46051772594462276,-10.706364528541592,0.0,29.139506654445405,42.558765994098806,341.1176870788014,29.139506654445405,29.139506654445405
pop,Always Hot,24,2414.0,0.11806130903065451,0.5,0.21118932938125232,0.40095666854248735,0.11806130903065451,1.0,285.0,2129.0,285.0,2129.0,0.0,0.0,-0.46051772594462276,-0.46051772594462276,-10.706364528541592,0.0,42.558765994098806,42.558765994098806,341.1176870788014,29.139506654445405,29.139506654445405
pop,Always Warm,24,2414.0,0.8819386909693455,0.5,0.0,0.0,0.0,0.0,285.0,2129.0,0.0,0.0,285.0,2129.0,-10.706364528541592,-0.46051772594462276,-10.706364528541592,0.0,341.1176870788014,42.558765994098806,341.1176870788014,29.139506654445405,29.139506654445405
pop,SVMR,24,2414.0,0.8898094449047225,0.5530872743154269,0.19393939393939394,0.1350210970464135,0.7111111111111111,0.11228070175438597,285.0,2129.0,32.0,13.0,253.0,2116.0,-1.010509479678185,-0.46051772594462276,-10.706364528541592,0.0,58.58525436190804,42.558765994098806,341.1176870788014,29.139506654445405,29.139506654445405
pop,Online,25,2415.0,0.7884057971014493,0.6460373664745139,0.46153846153846156,0.3727025187202178,0.7657342657342657,0.33031674208144796,663.0,1752.0,219.0,67.0,444.0,1685.0,0.0,-0.39156973426303726,-11.379799606144353,0.0,30.939903336025296,43.05503306343678,383.0298031334703,30.939903336025296,30.939903336025296
pop,Always Hot,25,2415.0,0.2745341614906832,0.5,0.43079922027290446,0.6542332741267022,0.2745341614906832,1.0,663.0,1752.0,663.0,1752.0,0.0,0.0,-0.39156973426303726,-0.39156973426303726,-11.379799606144353,0.0,43.05503306343678,43.05503306343678,383.0298031334703,30.939903336025296,30.939903336025296
pop,Always Warm,25,2415.0,0.7254658385093168,0.5,0.0,0.0,0.0,0.0,663.0,1752.0,0.0,0.0,663.0,1752.0,-11.379799606144353,-0.39156973426303726,-11.379799606144353,0.0,383.0298031334703,43.05503306343678,383.0298031334703,30.939903336025296,30.939903336025296
pop,SVMR,25,2415.0,0.749896480331263,0.548244798446249,0.18157181571815717,0.12284561789512284,0.8933333333333333,0.10105580693815988,663.0,1752.0,67.0,8.0,596.0,1744.0,-0.8132873535837748,-0.39156973426303726,-11.379799606144353,0.0,56.102935440319115,43.05503306343678,383.0298031334703,30.939903336025296,30.939903336025296
pop,Online,26,2431.0,0.8412176059234883,0.8013532763532764,0.7136498516320475,0.7123815165876777,0.7157738095238095,0.7115384615384616,676.0,1755.0,481.0,191.0,195.0,1564.0,0.0,-0.1954310942485822,-41.593259037713146,0.0,37.909894352877046,45.318666489107954,1614.7059502644308,37.909894352877046,37.909894352877046
pop,Always Hot,26,2431.0,0.27807486631016043,0.5,0.4351464435146444,0.6582278481012658,0.27807486631016043,1.0,676.0,1755.0,676.0,1755.0,0.0,0.0,-0.1954310942485822,-0.1954310942485822,-41.593259037713146,0.0,45.318666489107954,45.318666489107954,1614.7059502644308,37.909894352877046,37.909894352877046
pop,Always Warm,26,2431.0,0.7219251336898396,0.5,0.0,0.0,0.0,0.0,676.0,1755.0,0.0,0.0,676.0,1755.0,-41.593259037713146,-0.1954310942485822,-41.593259037713146,0.0,1614.7059502644308,45.318666489107954,1614.7059502644308,37.909894352877046,37.909894352877046
pop,SVMR,26,2431.0,0.8412176059234883,0.8013532763532764,0.7136498516320475,0.7123815165876777,0.7157738095238095,0.7115384615384616,676.0,1755.0,481.0,191.0,195.0,1564.0,0.0,-0.1954310942485822,-41.593259037713146,0.0,37.909894352877046,45.318666489107954,1614.7059502644308,37.909894352877046,37.909894352877046
pop,Online,27,2500.0,0.8504,0.8153157777051001,0.7328571428571429,0.7347464909767975,0.7297297297297297,0.7360114777618364,697.0,1803.0,513.0,190.0,184.0,1613.0,0.0,-0.2195120986526061,-62.069385569096646,0.0,40.32192667069745,49.17307741589874,2543.079140083059,40.32192667069745,40.32192667069745
pop,Always Hot,27,2500.0,0.2788,0.5,0.4360337816703159,0.6590393343419062,0.2788,1.0,697.0,1803.0,697.0,1803.0,0.0,0.0,-0.2195120986526061,-0.2195120986526061,-62.069385569096646,0.0,49.17307741589874,49.17307741589874,2543.079140083059,40.32192667069745,40.32192667069745
pop,Always Warm,27,2500.0,0.7212,0.5,0.0,0.0,0.0,0.0,697.0,1803.0,0.0,0.0,697.0,1803.0,-62.069385569096646,-0.2195120986526061,-62.069385569096646,0.0,2543.079140083059,49.17307741589874,2543.079140083059,40.32192667069745,40.32192667069745
pop,SVMR,27,2500.0,0.856,0.7857548116442308,0.7082658022690438,0.6571428571428571,0.813780260707635,0.6269727403156384,697.0,1803.0,437.0,100.0,260.0,1703.0,-0.14183370590994915,-0.2195120986526061,-62.069385569096646,0.0,46.04093495983169,49.17307741589874,2543.079140083059,40.32192667069745,40.32192667069745
pop,Online,28,2595.0,0.8404624277456647,0.807973045615113,0.7084507042253522,0.726878612716763,0.6797297297297298,0.7397058823529412,680.0,1915.0,503.0,237.0,177.0,1678.0,0.0,-0.16948426190566573,-74.42285007269093,0.0,43.59603980075049,50.98488242839071,3288.137573655071,43.59603980075049,43.59603980075049
pop,Always Hot,28,2595.0,0.26204238921001927,0.5,0.4152671755725191,0.6396989651928504,0.26204238921001927,1.0,680.0,1915.0,680.0,1915.0,0.0,0.0,-0.16948426190566573,-0.16948426190566573,-74.42285007269093,0.0,50.98488242839071,50.98488242839071,3288.137573655071,43.59603980075049,43.59603980075049
pop,Always Warm,28,2595.0,0.7379576107899807,0.5,0.0,0.0,0.0,0.0,680.0,1915.0,0.0,0.0,680.0,1915.0,-74.42285007269093,-0.16948426190566573,-74.42285007269093,0.0,3288.137573655071,50.98488242839071,3288.137573655071,43.59603980075049,43.59603980075049
pop,SVMR,28,2595.0,0.8551059730250482,0.7818557057287667,0.6943089430894309,0.6529051987767585,0.7763636363636364,0.6279411764705882,680.0,1915.0,427.0,123.0,253.0,1792.0,0.0016210004515100564,-0.16948426190566573,-74.42285007269093,0.0,43.52537060054942,50.98488242839071,3288.137573655071,43.59603980075049,43.59603980075049
pop,Online,29,2679.0,0.8379992534527809,0.7915051724516615,0.6873198847262247,0.6927098460644786,0.6785206258890469,0.6963503649635037,685.0,1994.0,477.0,226.0,208.0,1768.0,0.0,-0.19332791249036266,-100.77888023048793,0.0,44.49227620411156,53.09387508459709,4528.374050960058,44.49227620411156,44.49227620411156
pop,Always Hot,29,2679.0,0.255692422545726,0.5,0.40725326991676575,0.6320354308913083,0.255692422545726,1.0,685.0,1994.0,685.0,1994.0,0.0,0.0,-0.19332791249036266,-0.19332791249036266,-100.77888023048793,0.0,53.09387508459709,53.09387508459709,4528.374050960058,44.49227620411156,44.49227620411156
pop,Always Warm,29,2679.0,0.744307577454274,0.5,0.0,0.0,0.0,0.0,685.0,1994.0,0.0,0.0,685.0,1994.0,-100.77888023048793,-0.19332791249036266,-100.77888023048793,0.0,4528.374050960058,53.09387508459709,4528.374050960058,44.49227620411156,44.49227620411156
pop,SVMR,29,2679.0,0.8409854423292273,0.7340935214402332,0.6236749116607774,0.5538123627235645,0.7897091722595079,0.5153284671532846,685.0,1994.0,353.0,94.0,332.0,1900.0,-0.014335963538800045,-0.19332791249036266,-100.77888023048793,0.0,45.130115853531926,53.09387508459709,4528.374050960058,44.49227620411156,44.49227620411156
pop,Online,30,2744.0,0.8396501457725948,0.7897074523982591,0.6866096866096866,0.6871970345024238,0.6856330014224751,0.6875891583452212,701.0,2043.0,482.0,221.0,219.0,1822.0,0.0,-0.19935944981609538,-142.0301328495928,0.0,46.330471501639146,55.56688880992621,6626.6534938637205,46.330471501639146,46.330471501639146
pop,Always Hot,30,2744.0,0.255466472303207,0.5,0.406966618287373,0.6317591925018025,0.255466472303207,1.0,701.0,2043.0,701.0,2043.0,0.0,0.0,-0.19935944981609538,-0.19935944981609538,-142.0301328495928,0.0,55.56688880992621,55.56688880992621,6626.6534938637205,46.330471501639146,46.330471501639146
pop,Always Warm,30,2744.0,0.744533527696793,0.5,0.0,0.0,0.0,0.0,701.0,2043.0,0.0,0.0,701.0,2043.0,-142.0301328495928,-0.19935944981609538,-142.0301328495928,0.0,6626.6534938637205,55.56688880992621,6626.6534938637205,46.330471501639146,46.330471501639146
pop,SVMR,30,2744.0,0.847667638483965,0.759952043895058,0.6607142857142857,0.6101949025487257,0.7664783427495292,0.5805991440798859,701.0,2043.0,407.0,124.0,294.0,1919.0,0.0013103956122640676,-0.19935944981609538,-142.0301328495928,0.0,46.26976025506927,55.56688880992621,6626.6534938637205,46.330471501639146,46.330471501639146
pop,Online,31,2810.0,0.8523131672597865,0.8094886763749348,0.7116052814454482,0.7184956497333708,0.7004103967168263,0.7231638418079096,708.0,2102.0,512.0,219.0,196.0,1883.0,0.0,-0.20343379462281885,-127.97988096345581,0.0,48.221449074181585,58.03132144155336,6219.596761473287,48.221449074181585,48.221449074181585
pop,Always Hot,31,2810.0,0.25195729537366546,0.5,0.4025014212620807,0.6274370790499822,0.25195729537366546,1.0,708.0,2102.0,708.0,2102.0,0.0,0.0,-0.20343379462281885,-0.20343379462281885,-127.97988096345581,0.0,58.03132144155336,58.03132144155336,6219.596761473287,48.221449074181585,48.221449074181585
pop,Always Warm,31,2810.0,0.7480427046263345,0.5,0.0,0.0,0.0,0.0,708.0,2102.0,0.0,0.0,708.0,2102.0,-127.97988096345581,-0.20343379462281885,-127.97988096345581,0.0,6219.596761473287,58.03132144155336,6219.596761473287,48.221449074181585,48.221449074181585
pop,SVMR,31,2810.0,0.8441281138790035,0.7337657974380063,0.6230636833046471,0.5508216676810712,0.7973568281938326,0.5112994350282486,708.0,2102.0,362.0,92.0,346.0,2010.0,-0.8406088852151822,-0.20343379462281885,-127.97988096345581,0.0,88.75682762389005,58.03132144155336,6219.596761473287,48.221449074181585,48.221449074181585
pop,Online,32,2904.0,0.8519283746556474,0.8068750857289217,0.700139470013947,0.7120567375886525,0.6811397557666214,0.7202295552367288,697.0,2207.0,502.0,235.0,195.0,1972.0,0.0,-0.2045081626646775,-82.6885650529651,0.0,49.81562219675223,60.003323564207754,4168.997938866831,49.81562219675223,49.81562219675223
pop,Always Hot,32,2904.0,0.2400137741046832,0.5,0.3871146903637878,0.6122628250175686,0.2400137741046832,1.0,697.0,2207.0,697.0,2207.0,0.0,0.0,-0.2045081626646775,-0.2045081626646775,-82.6885650529651,0.0,60.003323564207754,60.003323564207754,4168.997938866831,49.81562219675223,49.81562219675223
pop,Always Warm,32,2904.0,0.7599862258953168,0.5,0.0,0.0,0.0,0.0,697.0,2207.0,0.0,0.0,697.0,2207.0,-82.6885650529651,-0.2045081626646775,-82.6885650529651,0.0,4168.997938866831,60.003323564207754,4168.997938866831,49.81562219675223,49.81562219675223
pop,SVMR,32,2904.0,0.862603305785124,0.7667806035186076,0.6705202312138728,0.6147789218655361,0.7898832684824902,0.5824964131994261,697.0,2207.0,406.0,108.0,291.0,2099.0,-0.003051914778997659,-0.2045081626646775,-82.6885650529651,0.0,49.96765523035946,60.003323564207754,4168.997938866831,49.81562219675223,49.81562219675223
pop,Online,33,2975.0,0.8625210084033613,0.8139799440602726,0.7072297780959198,0.7173976183560848,0.6909090909090909,0.7243401759530792,682.0,2293.0,494.0,221.0,188.0,2072.0,0.0,-0.2145246485625469,-62.370038913983166,0.0,50.6891815587502,61.56326041856422,3212.175407895958,50.6891815587502,50.6891815587502
pop,Always Hot,33,2975.0,0.2292436974789916,0.5,0.37298331966092424,0.5979309135542696,0.2292436974789916,1.0,682.0,2293.0,682.0,2293.0,0.0,0.0,-0.2145246485625469,-0.2145246485625469,-62.370038913983166,0.0,61.56326041856422,61.56326041856422,3212.175407895958,50.6891815587502,50.6891815587502
pop,Always Warm,33,2975.0,0.7707563025210084,0.5,0.0,0.0,0.0,0.0,682.0,2293.0,0.0,0.0,682.0,2293.0,-62.370038913983166,-0.2145246485625469,-62.370038913983166,0.0,3212.175407895958,61.56326041856422,3212.175407895958,50.6891815587502,50.6891815587502
pop,SVMR,33,2975.0,0.8605042016806723,0.7637387407550457,0.6578730420445177,0.6121509665541577,0.751412429378531,0.5850439882697948,682.0,2293.0,399.0,132.0,283.0,2161.0,0.001150734369584559,-0.2145246485625469,-62.370038913983166,0.0,50.630851775364434,61.56326041856422,3212.175407895958,50.6891815587502,50.6891815587502
pop,Online,34,3057.0,0.858684985279686,0.805110719956672,0.6918687589158345,0.7014752675730402,0.6764295676429568,0.708029197080292,685.0,2372.0,485.0,232.0,200.0,2140.0,0.0,-0.217698029450003,-61.201824876385956,0.0,52.00790369810217,63.329921849004535,3234.986518017297,52.00790369810217,52.00790369810217
pop,Always Hot,34,3057.0,0.22407589139679424,0.5,0.36611437733832175,0.5908228393996895,0.22407589139679424,1.0,685.0,2372.0,685.0,2372.0,0.0,0.0,-0.217698029450003,-0.217698029450003,-61.201824876385956,0.0,63.329921849004535,63.329921849004535,3234.986518017297,52.00790369810217,52.00790369810217
pop,Always Warm,34,3057.0,0.7759241086032057,0.5,0.0,0.0,0.0,0.0,685.0,2372.0,0.0,0.0,685.0,2372.0,-61.201824876385956,-0.217698029450003,-61.201824876385956,0.0,3234.986518017297,63.329921849004535,3234.986518017297,52.00790369810217,52.00790369810217
pop,SVMR,34,3057.0,0.8665358194308145,0.7655241811400648,0.6616915422885572,0.6117755289788408,0.7658349328214972,0.5824817518248175,685.0,2372.0,399.0,122.0,286.0,2250.0,-2.302248893989598,-0.217698029450003,-61.201824876385956,0.0,171.7430424657754,63.329921849004535,3234.986518017297,52.00790369810217,52.00790369810217
pop,Online,35,3125.0,0.87424,0.8212974749033767,0.7257501744591766,0.724233983286908,0.7282913165266106,0.7232267037552156,719.0,2406.0,520.0,194.0,199.0,2212.0,0.0,-0.26046367543813814,-57.302910901900624,0.0,51.46477534528377,64.86947988731445,3000.5462115424116,51.46477534528377,51.46477534528377
pop,Always Hot,35,3125.0,0.23008,0.5,0.3740894901144641,0.5990668221963006,0.23008,1.0,719.0,2406.0,719.0,2406.0,0.0,0.0,-0.26046367543813814,-0.26046367543813814,-57.302910901900624,0.0,64.86947988731445,64.86947988731445,3000.5462115424116,51.46477534528377,51.46477534528377
pop,Always Warm,35,3125.0,0.76992,0.5,0.0,0.0,0.0,0.0,719.0,2406.0,0.0,0.0,719.0,2406.0,-57.302910901900624,-0.26046367543813814,-57.302910901900624,0.0,3000.5462115424116,64.86947988731445,3000.5462115424116,51.46477534528377,51.46477534528377
pop,SVMR,35,3125.0,0.87616,0.778660673305147,0.6896551724137931,0.6316098707403055,0.8143939393939394,0.5980528511821975,719.0,2406.0,430.0,98.0,289.0,2308.0,-0.04704060319337729,-0.26046367543813814,-57.302910901900624,0.0,53.88570942073757,64.86947988731445,3000.5462115424116,51.46477534528377,51.46477534528377
pop,Online,36,3177.0,0.8589864652187599,0.8035514491625331,0.6972972972972973,0.6989975616364129,0.6944818304172274,0.7001356852103121,737.0,2440.0,516.0,227.0,221.0,2213.0,0.0,-0.22181926679982109,-58.50975131449462,0.0,55.3260113216525,67.59838658798006,3292.437174974454,55.3260113216525,55.3260113216525
pop,Always Hot,36,3177.0,0.23197985520931697,0.5,0.3765968318855391,0.6016326530612245,0.23197985520931697,1.0,737.0,2440.0,737.0,2440.0,0.0,0.0,-0.22181926679982109,-0.22181926679982109,-58.50975131449462,0.0,67.59838658798006,67.59838658798006,3292.437174974454,55.3260113216525,55.3260113216525
pop,Always Warm,36,3177.0,0.768020144790683,0.5,0.0,0.0,0.0,0.0,737.0,2440.0,0.0,0.0,737.0,2440.0,-58.50975131449462,-0.22181926679982109,-58.50975131449462,0.0,3292.437174974454,67.59838658798006,3292.437174974454,55.3260113216525,55.3260113216525
pop,SVMR,36,3177.0,0.8596159899276047,0.7528224192005696,0.6465927099841522,0.5873884249928016,0.7771428571428571,0.55359565807327,737.0,2440.0,408.0,117.0,329.0,2323.0,-0.325407767495079,-0.22181926679982109,-58.50975131449462,0.0,73.32952515023891,67.59838658798006,3292.437174974454,55.3260113216525,55.3260113216525
pop,Online,37,3257.0,0.8593797973595333,0.8085352770206498,0.6909581646423751,0.7069870201601768,0.6657997399219766,0.7180925666199158,713.0,2544.0,512.0,257.0,201.0,2287.0,0.0,-0.22469827339008003,-57.34861102213341,0.0,57.908716292076846,70.92070485714251,3378.8931617174717,57.908716292076846,57.908716292076846
pop,Always Hot,37,3257.0,0.21891311022413265,0.5,0.35919395465994963,0.5835652316254706,0.21891311022413265,1.0,713.0,2544.0,713.0,2544.0,0.0,0.0,-0.22469827339008003,-0.22469827339008003,-57.34861102213341,0.0,70.92070485714251,70.92070485714251,3378.8931617174717,57.908716292076846,57.908716292076846
pop,Always Warm,37,3257.0,0.7810868897758674,0.5,0.0,0.0,0.0,0.0,713.0,2544.0,0.0,0.0,713.0,2544.0,-57.34861102213341,-0.22469827339008003,-57.34861102213341,0.0,3378.8931617174717,70.92070485714251,3378.8931617174717,57.908716292076846,57.908716292076846
pop,SVMR,37,3257.0,0.8695118206938901,0.7716150864008046,0.6671887235708692,0.6235362997658079,0.7553191489361702,0.5974754558204769,713.0,2544.0,426.0,138.0,287.0,2406.0,0.0017284507810544252,-0.22469827339008003,-57.34861102213341,0.0,57.80862392617195,70.92070485714251,3378.8931617174717,57.908716292076846,57.908716292076846
pop,Online,38,3339.0,0.8613357292602576,0.7996835137224585,0.6907147628590514,0.6887823074873435,0.6939597315436241,0.6875,752.0,2587.0,517.0,228.0,235.0,2359.0,0.0,-0.23775864578186148,-64.29381426157731,0.0,59.728732204631434,73.92975468787206,3899.916746648696,59.728732204631434,59.728732204631434
pop,Always Hot,38,3339.0,0.22521713087750825,0.5,0.36763627474945,0.5924058610367102,0.22521713087750825,1.0,752.0,2587.0,752.0,2587.0,0.0,0.0,-0.23775864578186148,-0.23775864578186148,-64.29381426157731,0.0,73.92975468787206,73.92975468787206,3899.916746648696,59.728732204631434,59.728732204631434
pop,Always Warm,38,3339.0,0.7747828691224917,0.5,0.0,0.0,0.0,0.0,752.0,2587.0,0.0,0.0,752.0,2587.0,-64.29381426157731,-0.23775864578186148,-64.29381426157731,0.0,3899.916746648696,73.92975468787206,3899.916746648696,59.728732204631434,59.728732204631434
pop,SVMR,38,3339.0,0.8682240191674154,0.7626262963754945,0.6610169491525424,0.6035453010692178,0.7857142857142857,0.5704787234042553,752.0,2587.0,429.0,117.0,323.0,2470.0,0.0009782658380213278,-0.23775864578186148,-64.29381426157731,0.0,59.67030162636732,73.92975468787206,3899.916746648696,59.728732204631434,59.728732204631434
pop,Online,39,3419.0,0.8587306229891781,0.8069870964258721,0.668496911461908,0.699310740953475,0.6227621483375959,0.7214814814814815,675.0,2744.0,487.0,295.0,188.0,2449.0,0.0,-0.20107153591769694,-70.15072645683999,0.0,65.79150697057743,79.0203063274913,4681.113515646836,65.79150697057743,65.79150697057743
pop,Always Hot,39,3419.0,0.1974261479964902,0.5,0.32975085490962386,0.5515607125347279,0.1974261479964902,1.0,675.0,2744.0,675.0,2744.0,0.0,0.0,-0.20107153591769694,-0.20107153591769694,-70.15072645683999,0.0,79.0203063274913,79.0203063274913,4681.113515646836,65.79150697057743,65.79150697057743
pop,Always Warm,39,3419.0,0.8025738520035098,0.5,0.0,0.0,0.0,0.0,675.0,2744.0,0.0,0.0,675.0,2744.0,-70.15072645683999,-0.20107153591769694,-70.15072645683999,0.0,4681.113515646836,79.0203063274913,4681.113515646836,65.79150697057743,65.79150697057743
pop,SVMR,39,3419.0,0.8815443112021059,0.7876884245761796,0.6783161239078633,0.6501218026796589,0.7311643835616438,0.6325925925925926,675.0,2744.0,427.0,157.0,248.0,2587.0,-0.00018547773580952017,-0.20107153591769694,-70.15072645683999,0.0,65.80370983032583,79.0203063274913,4681.113515646836,65.79150697057743,65.79150697057743
pop,Online,40,3497.0,0.8467257649413783,0.7632741800099125,0.58125,0.6140640475404424,0.533715925394548,0.6380789022298456,583.0,2914.0,372.0,325.0,211.0,2589.0,0.0,-0.21718761023305072,-67.33629457709037,0.0,67.68856857711516,82.38968702647477,4625.585961787324,67.68856857711516,67.68856857711516
pop,Always Hot,40,3497.0,0.16671432656562768,0.5,0.2857843137254902,0.5000857780065191,0.16671432656562768,1.0,583.0,2914.0,583.0,2914.0,0.0,0.0,-0.21718761023305072,-0.21718761023305072,-67.33629457709037,0.0,82.38968702647477,82.38968702647477,4625.585961787324,67.68856857711516,67.68856857711516
pop,Always Warm,40,3497.0,0.8332856734343723,0.5,0.0,0.0,0.0,0.0,583.0,2914.0,0.0,0.0,583.0,2914.0,-67.33629457709037,-0.21718761023305072,-67.33629457709037,0.0,4625.585961787324,82.38968702647477,4625.585961787324,67.68856857711516,67.68856857711516
pop,SVMR,40,3497.0,0.8661710037174721,0.7317209991158787,0.569060773480663,0.544973544973545,0.614314115308151,0.5300171526586621,583.0,2914.0,309.0,194.0,274.0,2720.0,-0.28543841789027985,-0.21718761023305072,-67.33629457709037,0.0,87.00948650102463,82.38968702647477,4625.585961787324,67.68856857711516,67.68856857711516
pop,Online,41,3548.0,0.8478015783540023,0.7345259477781861,0.5921450151057401,0.5620877545167766,0.6500829187396352,0.5436893203883495,721.0,2827.0,392.0,211.0,329.0,2616.0,0.0,-0.26112705307713846,-38.324955908825515,0.0,66.70251238565895,84.1203428777674,2623.073358573926,66.70251238565895,66.70251238565895
pop,Always Hot,41,3548.0,0.2032130777903044,0.5,0.3377840243616772,0.560478855721393,0.2032130777903044,1.0,721.0,2827.0,721.0,2827.0,0.0,0.0,-0.26112705307713846,-0.26112705307713846,-38.324955908825515,0.0,84.1203428777674,84.1203428777674,2623.073358573926,66.70251238565895,66.70251238565895
pop,Always Warm,41,3548.0,0.7967869222096956,0.5,0.0,0.0,0.0,0.0,721.0,2827.0,0.0,0.0,721.0,2827.0,-38.324955908825515,-0.26112705307713846,-38.324955908825515,0.0,2623.073358573926,84.1203428777674,2623.073358573926,66.70251238565895,66.70251238565895
pop,SVMR,41,3548.0,0.8444193912063134,0.6492284867487921,0.4556213017751479,0.3635505193578848,0.78839590443686,0.32038834951456313,721.0,2827.0,231.0,62.0,490.0,2765.0,-0.22069611001565786,-0.26112705307713846,-38.324955908825515,0.0,81.42349739744512,84.1203428777674,2623.073358573926,66.70251238565895,66.70251238565895
pop,Online,42,3585.0,0.8596931659693166,0.7840994759188641,0.6566552901023891,0.6563864628820961,0.657103825136612,0.6562073669849932,733.0,2852.0,481.0,251.0,252.0,2601.0,0.0,-0.22449249007104768,-42.68491874168421,0.0,69.98906055171437,85.70107903270207,3057.466423008458,69.98906055171437,69.98906055171437
pop,Always Hot,42,3585.0,0.20446304044630403,0.5,0.33950903195924037,0.5623753260702777,0.20446304044630403,1.0,733.0,2852.0,733.0,2852.0,0.0,0.0,-0.22449249007104768,-0.22449249007104768,-42.68491874168421,0.0,85.70107903270207,85.70107903270207,3057.466423008458,69.98906055171437,69.98906055171437
pop,Always Warm,42,3585.0,0.795536959553696,0.5,0.0,0.0,0.0,0.0,733.0,2852.0,0.0,0.0,733.0,2852.0,-42.68491874168421,-0.22449249007104768,-42.68491874168421,0.0,3057.466423008458,85.70107903270207,3057.466423008458,69.98906055171437,69.98906055171437
pop,SVMR,42,3585.0,0.8688981868898187,0.7331218703898942,0.6109271523178808,0.5415321397123569,0.7768421052631579,0.5034106412005457,733.0,2852.0,369.0,106.0,364.0,2746.0,-0.45922517041268524,-0.22449249007104768,-42.68491874168421,0.0,102.12979881059915,85.70107903270207,3057.466423008458,69.98906055171437,69.98906055171437
pop,Online,43,3652.0,0.8877327491785323,0.8283839004545843,0.7288359788359788,0.7276809297411516,0.7307692307692307,0.7269129287598944,758.0,2894.0,551.0,203.0,207.0,2691.0,0.0,-0.22389548521856156,-204.08500739710567,0.0,72.11659902314408,88.26317995374336,14790.033244115606,72.11659902314408,72.11659902314408
pop,Always Hot,43,3652.0,0.20755750273822562,0.5,0.3437641723356009,0.5670257330939558,0.20755750273822562,1.0,758.0,2894.0,758.0,2894.0,0.0,0.0,-0.22389548521856156,-0.22389548521856156,-204.08500739710567,0.0,88.26317995374336,88.26317995374336,14790.033244115606,72.11659902314408,72.11659902314408
pop,Always Warm,43,3652.0,0.7924424972617744,0.5,0.0,0.0,0.0,0.0,758.0,2894.0,0.0,0.0,758.0,2894.0,-204.08500739710567,-0.22389548521856156,-204.08500739710567,0.0,14790.033244115606,88.26317995374336,14790.033244115606,72.11659902314408,72.11659902314408
pop,SVMR,43,3652.0,0.8822562979189486,0.7694265088537289,0.6702453987730062,0.6106763555058692,0.8003663003663004,0.5765171503957783,758.0,2894.0,437.0,109.0,321.0,2785.0,-0.03823559042471922,-0.22389548521856156,-204.08500739710567,0.0,74.87401976621672,88.26317995374336,14790.033244115606,72.11659902314408,72.11659902314408
pop,Online,44,3722.0,0.8704997313272435,0.806519177549079,0.6841415465268676,0.6934112646121148,0.6692307692307692,0.6997319034852547,746.0,2976.0,522.0,258.0,224.0,2718.0,0.0,-0.2125676876241047,-68.04113458204162,0.0,74.57594310173803,90.42837887926129,5148.807724269774,74.57594310173803,74.57594310173803
pop,Always Hot,44,3722.0,0.20042987641053198,0.5,0.3339301700984781,0.5562183119594393,0.20042987641053198,1.0,746.0,2976.0,746.0,2976.0,0.0,0.0,-0.2125676876241047,-0.2125676876241047,-68.04113458204162,0.0,90.42837887926129,90.42837887926129,5148.807724269774,74.57594310173803,74.57594310173803
pop,Always Warm,44,3722.0,0.799570123589468,0.5,0.0,0.0,0.0,0.0,746.0,2976.0,0.0,0.0,746.0,2976.0,-68.04113458204162,-0.2125676876241047,-68.04113458204162,0.0,5148.807724269774,90.42837887926129,5148.807724269774,74.57594310173803,74.57594310173803
pop,SVMR,44,3722.0,0.8777538957549704,0.7683658724667762,0.6576373212942062,0.6125595738716008,0.7495711835334476,0.5857908847184986,746.0,2976.0,437.0,146.0,309.0,2830.0,-0.19245906052133965,-0.2125676876241047,-68.04113458204162,0.0,88.92875904859142,90.42837887926129,5148.807724269774,74.57594310173803,74.57594310173803
pop,Online,45,3802.0,0.8734876380852183,0.810165720583037,0.6730115567641061,0.6948343627175744,0.6395348837209303,0.7101865136298422,697.0,3105.0,495.0,279.0,202.0,2826.0,0.0,-0.24342498442226837,-99.51733593163534,0.0,74.11586445914753,92.15751761055847,7449.929245703685,74.11586445914753,74.11586445914753
pop,Always Hot,45,3802.0,0.18332456601788533,0.5,0.3098466325850189,0.5288315629742033,0.18332456601788533,1.0,697.0,3105.0,697.0,3105.0,0.0,0.0,-0.24342498442226837,-0.24342498442226837,-99.51733593163534,0.0,92.15751761055847,92.15751761055847,7449.929245703685,74.11586445914753,74.11586445914753
pop,Always Warm,45,3802.0,0.8166754339821147,0.5,0.0,0.0,0.0,0.0,697.0,3105.0,0.0,0.0,697.0,3105.0,-99.51733593163534,-0.24342498442226837,-99.51733593163534,0.0,7449.929245703685,92.15751761055847,7449.929245703685,74.11586445914753,74.11586445914753
pop,SVMR,45,3802.0,0.877695949500263,0.72094783948692,0.5866666666666667,0.5130597014925373,0.7710280373831776,0.4734576757532281,697.0,3105.0,330.0,98.0,367.0,3007.0,-0.6607685042858054,-0.24342498442226837,-99.51733593163534,0.0,123.08929336166793,92.15751761055847,7449.929245703685,74.11586445914753,74.11586445914753
