Dados,Model,window,Qtd obj,Accuracy,Precision,Recall,f1_score,auc_roc,P,N,TP,FP,FN,TN,rcs ml,rcs always hot,rcs always warm,rcs opt,cost ml,cost always hot,cost always warm,cost opt,cost online
pop,Online,0,236,0.7372881355932204,0.7100591715976331,0.9022556390977443,0.7947019867549668,0.7132637418789692,133.0,103.0,120.0,49.0,13.0,54.0,0.0,-0.06478984346337481,-188.8175908798856,0.0,1.826399438550558,1.9447315722758443,346.6827414100426,1.826399438550558,1.826399438550558
pop,Always Hot,0,236,0.5635593220338984,0.5635593220338984,1.0,0.7208672086720868,0.0,133.0,103.0,133.0,103.0,0.0,0.0,-0.06478984346337481,-0.06478984346337481,-188.8175908798856,0.0,1.9447315722758443,1.9447315722758443,346.6827414100426,1.826399438550558,1.826399438550558
pop,Always Warm,0,236,0.4364406779661017,0.0,0.0,0.0,0.0,133.0,103.0,0.0,0.0,133.0,103.0,-188.8175908798856,-0.06478984346337481,-188.8175908798856,0.0,346.6827414100426,1.9447315722758443,346.6827414100426,1.826399438550558,1.826399438550558
pop,SVMR,0,236,0.5635593220338984,0.5635593220338984,1.0,0.7208672086720868,0.0,133.0,103.0,133.0,103.0,0.0,0.0,-0.06478984346337481,-0.06478984346337481,-188.8175908798856,0.0,1.9447315722758443,1.9447315722758443,346.6827414100426,1.826399438550558,1.826399438550558
pop,Online,1,553,0.6817359855334539,0.4862068965517241,0.8392857142857143,0.6157205240174672,0.7261363636363637,168.0,385.0,141.0,149.0,27.0,236.0,0.0,-0.13332708604473628,-142.25170237249947,0.0,3.2676205264053575,3.703282849490951,468.09220311489037,3.2676205264053575,3.2676205264053575
pop,Always Hot,1,553,0.3037974683544304,0.3037974683544304,1.0,0.46601941747572817,0.0,168.0,385.0,168.0,385.0,0.0,0.0,-0.13332708604473628,-0.13332708604473628,-142.25170237249947,0.0,3.703282849490951,3.703282849490951,468.09220311489037,3.2676205264053575,3.2676205264053575
pop,Always Warm,1,553,0.6962025316455697,0.0,0.0,0.0,0.0,168.0,385.0,0.0,0.0,168.0,385.0,-142.25170237249947,-0.13332708604473628,-142.25170237249947,0.0,468.09220311489037,3.703282849490951,468.09220311489037,3.2676205264053575,3.2676205264053575
pop,SVMR,1,553,0.3037974683544304,0.3037974683544304,1.0,0.46601941747572817,0.0,168.0,385.0,168.0,385.0,0.0,0.0,-0.13332708604473628,-0.13332708604473628,-142.25170237249947,0.0,3.703282849490951,3.703282849490951,468.09220311489037,3.2676205264053575,3.2676205264053575
pop,Online,2,700,0.7385714285714285,0.2814070351758794,0.5833333333333334,0.37966101694915255,0.6732891832229582,96.0,604.0,56.0,143.0,40.0,461.0,0.0,-0.212348443764827,-15.066520697476541,0.0,4.150189123475068,5.03147532517471,66.6790994507542,4.150189123475068,4.150189123475068
pop,Always Hot,2,700,0.13714285714285715,0.13714285714285715,1.0,0.24120603015075376,0.0,96.0,604.0,96.0,604.0,0.0,0.0,-0.212348443764827,-0.212348443764827,-15.066520697476541,0.0,5.03147532517471,5.03147532517471,66.6790994507542,4.150189123475068,4.150189123475068
pop,Always Warm,2,700,0.8628571428571429,0.0,0.0,0.0,0.0,96.0,604.0,0.0,0.0,96.0,604.0,-15.066520697476541,-0.212348443764827,-15.066520697476541,0.0,66.6790994507542,5.03147532517471,66.6790994507542,4.150189123475068,4.150189123475068
pop,SVMR,2,700,0.8542857142857143,0.4423076923076923,0.23958333333333334,0.3108108108108108,0.5957850441501104,96.0,604.0,23.0,29.0,73.0,575.0,-0.5680007807913481,-0.212348443764827,-15.066520697476541,0.0,6.5074997860406665,5.03147532517471,66.6790994507542,4.150189123475068,4.150189123475068
pop,Online,3,788,0.8362944162436549,0.5576923076923077,0.41134751773049644,0.47346938775510206,0.6701250726210441,141.0,647.0,58.0,46.0,83.0,601.0,0.0,-0.4353875842994879,-9.499969298244638,0.0,4.046865996872609,5.808821207234713,42.49196872127258,4.046865996872609,4.046865996872609
pop,Always Hot,3,788,0.17893401015228427,0.17893401015228427,1.0,0.30355220667384286,0.0,141.0,647.0,141.0,647.0,0.0,0.0,-0.4353875842994879,-0.4353875842994879,-9.499969298244638,0.0,5.808821207234713,5.808821207234713,42.49196872127258,4.046865996872609,4.046865996872609
pop,Always Warm,3,788,0.8210659898477157,0.0,0.0,0.0,0.0,141.0,647.0,0.0,0.0,141.0,647.0,-9.499969298244638,-0.4353875842994879,-9.499969298244638,0.0,42.49196872127258,5.808821207234713,42.49196872127258,4.046865996872609,4.046865996872609
pop,SVMR,3,788,0.8261421319796954,0.6666666666666666,0.05673758865248227,0.10457516339869281,0.5252776042180496,141.0,647.0,8.0,4.0,133.0,643.0,-1.3761108112688478,-0.4353875842994879,-9.499969298244638,0.0,9.615802046925289,5.808821207234713,42.49196872127258,4.046865996872609,4.046865996872609
pop,Online,4,850,0.7105882352941176,0.717948717948718,0.35668789808917195,0.4765957446808511,0.6372991729251829,314.0,536.0,112.0,44.0,202.0,492.0,0.0,-0.3382578898384698,-17.906740645169297,0.0,4.804943798630352,6.430253948747496,90.84582621531862,4.804943798630352,4.804943798630352
pop,Always Hot,4,850,0.36941176470588233,0.36941176470588233,1.0,0.5395189003436426,0.0,314.0,536.0,314.0,536.0,0.0,0.0,-0.3382578898384698,-0.3382578898384698,-17.906740645169297,0.0,6.430253948747496,6.430253948747496,90.84582621531862,4.804943798630352,4.804943798630352
pop,Always Warm,4,850,0.6305882352941177,0.0,0.0,0.0,0.0,314.0,536.0,0.0,0.0,314.0,536.0,-17.906740645169297,-0.3382578898384698,-17.906740645169297,0.0,90.84582621531862,6.430253948747496,90.84582621531862,4.804943798630352,4.804943798630352
pop,SVMR,4,850,0.6329411764705882,1.0,0.006369426751592357,0.012658227848101266,0.5031847133757962,314.0,536.0,2.0,0.0,312.0,536.0,-17.89421207735516,-0.3382578898384698,-17.906740645169297,0.0,90.78562715109437,6.430253948747496,90.84582621531862,4.804943798630352,4.804943798630352
pop,Online,5,872,0.6857798165137615,0.7701863354037267,0.5535714285714286,0.6441558441558441,0.6895215633423181,448.0,424.0,248.0,74.0,200.0,350.0,0.0,-0.23133930382739878,-50.830265232341745,0.0,5.904074106221695,7.269918499700394,306.00972687687147,5.904074106221695,5.904074106221695
pop,Always Hot,5,872,0.5137614678899083,0.5137614678899083,1.0,0.6787878787878788,0.0,448.0,424.0,448.0,424.0,0.0,0.0,-0.23133930382739878,-0.23133930382739878,-50.830265232341745,0.0,7.269918499700394,7.269918499700394,306.00972687687147,5.904074106221695,5.904074106221695
pop,Always Warm,5,872,0.48623853211009177,0.0,0.0,0.0,0.0,448.0,424.0,0.0,0.0,448.0,424.0,-50.830265232341745,-0.23133930382739878,-50.830265232341745,0.0,306.00972687687147,7.269918499700394,306.00972687687147,5.904074106221695,5.904074106221695
pop,SVMR,5,872,0.5986238532110092,0.8769230769230769,0.2544642857142857,0.3944636678200692,0.6083642183288409,448.0,424.0,114.0,16.0,334.0,408.0,-0.1603800889390173,-0.23133930382739878,-50.830265232341745,0.0,6.85097003648008,7.269918499700394,306.00972687687147,5.904074106221695,5.904074106221695
pop,Online,6,915,0.7475409836065574,0.7262931034482759,0.764172335600907,0.7447513812154696,0.7481199230747151,441.0,474.0,337.0,127.0,104.0,347.0,0.0,-0.12553028549533857,-104.24739905609026,0.0,7.755448294867931,8.72899193346704,816.2407615488399,7.755448294867931,7.755448294867931
pop,Always Hot,6,915,0.4819672131147541,0.4819672131147541,1.0,0.6504424778761062,0.0,441.0,474.0,441.0,474.0,0.0,0.0,-0.12553028549533857,-0.12553028549533857,-104.24739905609026,0.0,8.72899193346704,8.72899193346704,816.2407615488399,7.755448294867931,7.755448294867931
pop,Always Warm,6,915,0.5180327868852459,0.0,0.0,0.0,0.0,441.0,474.0,0.0,0.0,441.0,474.0,-104.24739905609026,-0.12553028549533857,-104.24739905609026,0.0,816.2407615488399,8.72899193346704,816.2407615488399,7.755448294867931,7.755448294867931
pop,SVMR,6,915,0.7147540983606557,0.86,0.4875283446712018,0.622286541244573,0.7068443411119721,441.0,474.0,215.0,35.0,226.0,439.0,-0.07689295283275313,-0.12553028549533857,-104.24739905609026,0.0,8.351787614802067,8.72899193346704,816.2407615488399,7.755448294867931,7.755448294867931
pop,Online,7,996,0.7580321285140562,0.7268817204301076,0.7477876106194691,0.737186477644493,0.7571658641332639,452.0,544.0,338.0,127.0,114.0,417.0,0.0,-0.11840645309081572,-116.91847873154045,0.0,9.876717078949527,11.046184116449423,1164.647452811552,9.876717078949527,9.876717078949527
pop,Always Hot,7,996,0.4538152610441767,0.4538152610441767,1.0,0.6243093922651933,0.0,452.0,544.0,452.0,544.0,0.0,0.0,-0.11840645309081572,-0.11840645309081572,-116.91847873154045,0.0,11.046184116449423,11.046184116449423,1164.647452811552,9.876717078949527,9.876717078949527
pop,Always Warm,7,996,0.5461847389558233,0.0,0.0,0.0,0.0,452.0,544.0,0.0,0.0,452.0,544.0,-116.91847873154045,-0.11840645309081572,-116.91847873154045,0.0,1164.647452811552,11.046184116449423,1164.647452811552,9.876717078949527,9.876717078949527
pop,SVMR,7,996,0.6997991967871486,0.8591549295774648,0.40486725663716816,0.5503759398496241,0.6748600989068194,452.0,544.0,183.0,30.0,269.0,514.0,-0.24389649145319595,-0.11840645309081572,-116.91847873154045,0.0,12.285613721581175,11.046184116449423,1164.647452811552,9.876717078949527,9.876717078949527
pop,Online,8,1112,0.7913669064748201,0.7541322314049587,0.7635983263598326,0.7588357588357588,0.787950582738276,478.0,634.0,365.0,119.0,113.0,515.0,0.0,-0.14933734894744996,-84.25002961392616,0.0,11.26697733275049,12.949557858274458,960.5101512764139,11.26697733275049,11.26697733275049
pop,Always Hot,8,1112,0.42985611510791366,0.42985611510791366,1.0,0.6012578616352201,0.0,478.0,634.0,478.0,634.0,0.0,0.0,-0.14933734894744996,-0.14933734894744996,-84.25002961392616,0.0,12.949557858274458,12.949557858274458,960.5101512764139,11.26697733275049,11.26697733275049
pop,Always Warm,8,1112,0.5701438848920863,0.0,0.0,0.0,0.0,478.0,634.0,0.0,0.0,478.0,634.0,-84.25002961392616,-0.14933734894744996,-84.25002961392616,0.0,960.5101512764139,12.949557858274458,960.5101512764139,11.26697733275049,11.26697733275049
pop,SVMR,8,1112,0.710431654676259,0.9333333333333333,0.3514644351464435,0.5106382978723404,0.6662684951757455,478.0,634.0,168.0,12.0,310.0,622.0,-0.9461287054233669,-0.14933734894744996,-84.25002961392616,0.0,21.92698801062013,12.949557858274458,960.5101512764139,11.26697733275049,11.26697733275049
pop,Online,9,1216,0.8083881578947368,0.7608695652173914,0.7746478873239436,0.7676969092721835,0.8031792983212207,497.0,719.0,385.0,121.0,112.0,598.0,0.0,-0.1949352136344903,-79.8951746832647,0.0,12.226795692624119,14.610228723031067,989.0887733714166,12.226795692624119,12.226795692624119
pop,Always Hot,9,1216,0.4087171052631579,0.4087171052631579,1.0,0.5802685347343841,0.0,497.0,719.0,497.0,719.0,0.0,0.0,-0.1949352136344903,-0.1949352136344903,-79.8951746832647,0.0,14.610228723031067,14.610228723031067,989.0887733714166,12.226795692624119,12.226795692624119
pop,Always Warm,9,1216,0.5912828947368421,0.0,0.0,0.0,0.0,497.0,719.0,0.0,0.0,497.0,719.0,-79.8951746832647,-0.1949352136344903,-79.8951746832647,0.0,989.0887733714166,14.610228723031067,989.0887733714166,12.226795692624119,12.226795692624119
pop,SVMR,9,1216,0.7171052631578947,0.9371428571428572,0.3299798792756539,0.4880952380952381,0.6573404264250314,497.0,719.0,164.0,11.0,333.0,708.0,-0.5388408373172003,-0.1949352136344903,-79.8951746832647,0.0,18.815092521344038,14.610228723031067,989.0887733714166,12.226795692624119,12.226795692624119
pop,Online,10,1309,0.8067226890756303,0.7748091603053435,0.7504621072088724,0.7624413145539906,0.7984081369377695,541.0,768.0,406.0,118.0,135.0,650.0,0.0,-0.16610406183221912,-288.54459798712327,0.0,14.77080976491173,17.224301263414574,4276.808175325642,14.77080976491173,14.77080976491173
pop,Always Hot,10,1309,0.413292589763178,0.413292589763178,1.0,0.5848648648648649,0.0,541.0,768.0,541.0,768.0,0.0,0.0,-0.16610406183221912,-0.16610406183221912,-288.54459798712327,0.0,17.224301263414574,17.224301263414574,4276.808175325642,14.77080976491173,14.77080976491173
pop,Always Warm,10,1309,0.586707410236822,0.0,0.0,0.0,0.0,541.0,768.0,0.0,0.0,541.0,768.0,-288.54459798712327,-0.16610406183221912,-288.54459798712327,0.0,4276.808175325642,17.224301263414574,4276.808175325642,14.77080976491173,14.77080976491173
pop,SVMR,10,1309,0.7310924369747899,0.9276018099547512,0.3789279112754159,0.5380577427821522,0.6790472889710413,541.0,768.0,205.0,16.0,336.0,752.0,-0.27964438736365227,-0.16610406183221912,-288.54459798712327,0.0,18.901383812485523,17.224301263414574,4276.808175325642,14.77080976491173,14.77080976491173
pop,Online,11,1387,0.798846431146359,0.7188612099644128,0.7695238095238095,0.7433302667893285,0.7931145729753618,525.0,862.0,404.0,158.0,121.0,704.0,0.0,-0.12426093770008101,-381.1028625348781,0.0,17.31518228636683,19.466783073718606,6616.180716933981,17.31518228636683,17.31518228636683
pop,Always Hot,11,1387,0.37851478010093725,0.37851478010093725,1.0,0.549163179916318,0.0,525.0,862.0,525.0,862.0,0.0,0.0,-0.12426093770008101,-0.12426093770008101,-381.1028625348781,0.0,19.466783073718606,19.466783073718606,6616.180716933981,17.31518228636683,17.31518228636683
pop,Always Warm,11,1387,0.6214852198990627,0.0,0.0,0.0,0.0,525.0,862.0,0.0,0.0,525.0,862.0,-381.1028625348781,-0.12426093770008101,-381.1028625348781,0.0,6616.180716933981,19.466783073718606,6616.180716933981,17.31518228636683,17.31518228636683
pop,SVMR,11,1387,0.745493871665465,0.8495934959349594,0.3980952380952381,0.5421530479896238,0.677585902110264,525.0,862.0,209.0,37.0,316.0,825.0,-0.2780886946182144,-0.12426093770008101,-381.1028625348781,0.0,22.130338725459012,19.466783073718606,6616.180716933981,17.31518228636683,17.31518228636683
pop,Online,12,1474,0.8222523744911805,0.7641681901279708,0.7586206896551724,0.761384335154827,0.8094295214256361,551.0,923.0,418.0,129.0,133.0,794.0,0.0,-0.1484855213532714,-88.51701375687013,0.0,18.770947181779658,21.55816106036093,1680.319137100852,18.770947181779658,18.770947181779658
pop,Always Hot,12,1474,0.37381275440976935,0.37381275440976935,1.0,0.5441975308641975,0.0,551.0,923.0,551.0,923.0,0.0,0.0,-0.1484855213532714,-0.1484855213532714,-88.51701375687013,0.0,21.55816106036093,21.55816106036093,1680.319137100852,18.770947181779658,18.770947181779658
pop,Always Warm,12,1474,0.6261872455902306,0.0,0.0,0.0,0.0,551.0,923.0,0.0,0.0,551.0,923.0,-88.51701375687013,-0.1484855213532714,-88.51701375687013,0.0,1680.319137100852,21.55816106036093,1680.319137100852,18.770947181779658,18.770947181779658
pop,SVMR,12,1474,0.7360922659430122,0.9263157894736842,0.3194192377495463,0.4750337381916329,0.6521256535443289,551.0,923.0,176.0,14.0,375.0,909.0,-0.4275643288599382,-0.1484855213532714,-88.51701375687013,0.0,26.796734615622626,21.55816106036093,1680.319137100852,18.770947181779658,18.770947181779658
pop,Online,13,1569,0.8164435946462715,0.7258620689655172,0.7654545454545455,0.7451327433628319,0.8047096083504327,550.0,1019.0,421.0,159.0,129.0,860.0,0.0,-0.13700164392710995,-63.05221402057545,0.0,21.101506752657315,23.99244786711038,1351.5982266778244,21.101506752657315,21.101506752657315
pop,Always Hot,13,1569,0.3505417463352454,0.3505417463352454,1.0,0.5191127890514393,0.0,550.0,1019.0,550.0,1019.0,0.0,0.0,-0.13700164392710995,-0.13700164392710995,-63.05221402057545,0.0,23.99244786711038,23.99244786711038,1351.5982266778244,21.101506752657315,21.101506752657315
pop,Always Warm,13,1569,0.6494582536647546,0.0,0.0,0.0,0.0,550.0,1019.0,0.0,0.0,550.0,1019.0,-63.05221402057545,-0.13700164392710995,-63.05221402057545,0.0,1351.5982266778244,23.99244786711038,1351.5982266778244,21.101506752657315,21.101506752657315
pop,SVMR,13,1569,0.7214786488209051,0.937984496124031,0.22,0.35640648011782033,0.6060745829244357,550.0,1019.0,121.0,8.0,429.0,1011.0,-1.7205051103156115,-0.13700164392710995,-63.05221402057545,0.0,57.40675695596361,23.99244786711038,1351.5982266778244,21.101506752657315,21.101506752657315
pop,Online,14,1662,0.8110709987966306,0.7556719022687609,0.71334431630972,0.7338983050847457,0.790321447254386,607.0,1055.0,433.0,140.0,174.0,915.0,0.0,-0.1349066790143228,-92.39561790549304,0.0,23.129185505387728,26.249467110225797,2160.16457192646,23.129185505387728,23.129185505387728
pop,Always Hot,14,1662,0.36522262334536704,0.36522262334536704,1.0,0.5350374614367562,0.0,607.0,1055.0,607.0,1055.0,0.0,0.0,-0.1349066790143228,-0.1349066790143228,-92.39561790549304,0.0,26.249467110225797,26.249467110225797,2160.16457192646,23.129185505387728,23.129185505387728
pop,Always Warm,14,1662,0.634777376654633,0.0,0.0,0.0,0.0,607.0,1055.0,0.0,0.0,607.0,1055.0,-92.39561790549304,-0.1349066790143228,-92.39561790549304,0.0,2160.16457192646,26.249467110225797,2160.16457192646,23.129185505387728,23.129185505387728
pop,SVMR,14,1662,0.7346570397111913,0.9191919191919192,0.29983525535420097,0.45217391304347826,0.6423346892884749,607.0,1055.0,182.0,16.0,425.0,1039.0,-0.3201139744637812,-0.1349066790143228,-92.39561790549304,0.0,30.533161003627473,26.249467110225797,2160.16457192646,23.129185505387728,23.129185505387728
pop,Online,15,1747,0.8242701774470521,0.7318611987381703,0.7720465890183028,0.751417004048583,0.8118522648407396,601.0,1146.0,464.0,170.0,137.0,976.0,0.0,-0.15362456880647837,-95.0499740513484,0.0,24.971401546735972,28.807622341846713,2398.5024705897918,24.971401546735972,24.971401546735972
pop,Always Hot,15,1747,0.3440183171150544,0.3440183171150544,1.0,0.5119250425894378,0.0,601.0,1146.0,601.0,1146.0,0.0,0.0,-0.15362456880647837,-0.15362456880647837,-95.0499740513484,0.0,28.807622341846713,28.807622341846713,2398.5024705897918,24.971401546735972,24.971401546735972
pop,Always Warm,15,1747,0.6559816828849456,0.0,0.0,0.0,0.0,601.0,1146.0,0.0,0.0,601.0,1146.0,-95.0499740513484,-0.15362456880647837,-95.0499740513484,0.0,2398.5024705897918,28.807622341846713,2398.5024705897918,24.971401546735972,24.971401546735972
pop,SVMR,15,1747,0.7761877504293074,0.8832116788321168,0.40266222961730447,0.5531428571428572,0.6873695092240101,601.0,1146.0,242.0,32.0,359.0,1114.0,-0.15187879660146375,-0.15362456880647837,-95.0499740513484,0.0,28.764027963106162,28.807622341846713,2398.5024705897918,24.971401546735972,24.971401546735972
pop,Online,16,1819,0.8427707531610775,0.7496012759170654,0.7846410684474123,0.766721044045677,0.8279762719286242,599.0,1220.0,470.0,157.0,129.0,1063.0,0.0,-0.14620578377176172,-72.33829895957658,0.0,26.95574777129631,30.896834001352605,1976.8886887302685,26.95574777129631,26.95574777129631
pop,Always Hot,16,1819,0.32930181418361737,0.32930181418361737,1.0,0.49545078577336643,0.0,599.0,1220.0,599.0,1220.0,0.0,0.0,-0.14620578377176172,-0.14620578377176172,-72.33829895957658,0.0,30.896834001352605,30.896834001352605,1976.8886887302685,26.95574777129631,26.95574777129631
pop,Always Warm,16,1819,0.6706981858163826,0.0,0.0,0.0,0.0,599.0,1220.0,0.0,0.0,599.0,1220.0,-72.33829895957658,-0.14620578377176172,-72.33829895957658,0.0,1976.8886887302685,30.896834001352605,1976.8886887302685,26.95574777129631,26.95574777129631
pop,SVMR,16,1819,0.7636063771302913,0.8722466960352423,0.330550918196995,0.4794188861985472,0.6533902131968582,599.0,1220.0,198.0,29.0,401.0,1191.0,-0.7082545016889452,-0.14620578377176172,-72.33829895957658,0.0,46.04727747670867,30.896834001352605,1976.8886887302685,26.95574777129631,26.95574777129631
pop,Online,17,1947,0.8371854134565999,0.7242472266244057,0.7616666666666667,0.7424857839155159,0.8162453600593912,600.0,1347.0,457.0,174.0,143.0,1173.0,0.0,-0.16756438314941272,-56.12662577198121,0.0,28.32461718655069,33.07081419335831,1618.0898061507087,28.32461718655069,28.32461718655069
pop,Always Hot,17,1947,0.3081664098613251,0.3081664098613251,1.0,0.4711425206124853,0.0,600.0,1347.0,600.0,1347.0,0.0,0.0,-0.16756438314941272,-0.16756438314941272,-56.12662577198121,0.0,33.07081419335831,33.07081419335831,1618.0898061507087,28.32461718655069,28.32461718655069
pop,Always Warm,17,1947,0.6918335901386748,0.0,0.0,0.0,0.0,600.0,1347.0,0.0,0.0,600.0,1347.0,-56.12662577198121,-0.16756438314941272,-56.12662577198121,0.0,1618.0898061507087,33.07081419335831,1618.0898061507087,28.32461718655069,28.32461718655069
pop,SVMR,17,1947,0.783256291730868,0.8836206896551724,0.3416666666666667,0.49278846153846156,0.6608110616184113,600.0,1347.0,205.0,27.0,395.0,1320.0,-0.31752818671565913,-0.16756438314941272,-56.12662577198121,0.0,37.318481521211325,33.07081419335831,1618.0898061507087,28.32461718655069,28.32461718655069
pop,Online,18,2022,0.8447082096933729,0.7464114832535885,0.7512038523274478,0.7488,0.8187756216605073,623.0,1399.0,468.0,159.0,155.0,1240.0,0.0,-0.17005592373247122,-87.15922549739548,0.0,29.77576180834129,34.839306487496806,2625.0080996182965,29.77576180834129,29.77576180834129
pop,Always Hot,18,2022,0.30811078140454995,0.30811078140454995,1.0,0.47107750472589793,0.0,623.0,1399.0,623.0,1399.0,0.0,0.0,-0.17005592373247122,-0.17005592373247122,-87.15922549739548,0.0,34.839306487496806,34.839306487496806,2625.0080996182965,29.77576180834129,29.77576180834129
pop,Always Warm,18,2022,0.69188921859545,0.0,0.0,0.0,0.0,623.0,1399.0,0.0,0.0,623.0,1399.0,-87.15922549739548,-0.17005592373247122,-87.15922549739548,0.0,2625.0080996182965,34.839306487496806,2625.0080996182965,29.77576180834129,29.77576180834129
pop,SVMR,18,2022,0.8021760633036598,0.9054545454545454,0.3996789727126806,0.5545657015590201,0.690547134676569,623.0,1399.0,249.0,26.0,374.0,1373.0,-0.20074834614724507,-0.17005592373247122,-87.15922549739548,0.0,35.75319674664011,34.839306487496806,2625.0080996182965,29.77576180834129,29.77576180834129
pop,Online,19,2122,0.824693685202639,0.7138461538461538,0.7138461538461538,0.7138461538461538,0.7937437290969899,650.0,1472.0,464.0,186.0,186.0,1286.0,0.0,-0.17166626261455192,-77.28244053616919,0.0,31.431723211268086,36.82748966248154,2460.552003235423,31.431723211268086,31.431723211268086
pop,Always Hot,19,2122,0.3063147973609802,0.3063147973609802,1.0,0.468975468975469,0.0,650.0,1472.0,650.0,1472.0,0.0,0.0,-0.17166626261455192,-0.17166626261455192,-77.28244053616919,0.0,36.82748966248154,36.82748966248154,2460.552003235423,31.431723211268086,31.431723211268086
pop,Always Warm,19,2122,0.6936852026390198,0.0,0.0,0.0,0.0,650.0,1472.0,0.0,0.0,650.0,1472.0,-77.28244053616919,-0.17166626261455192,-77.28244053616919,0.0,2460.552003235423,36.82748966248154,2460.552003235423,31.431723211268086,31.431723211268086
pop,SVMR,19,2122,0.8030160226201697,0.8972602739726028,0.40307692307692305,0.5562632696390658,0.6913482441471572,650.0,1472.0,262.0,30.0,388.0,1442.0,-0.19732490628153593,-0.17166626261455192,-77.28244053616919,0.0,37.63398504819874,36.82748966248154,2460.552003235423,31.431723211268086,31.431723211268086
pop,Online,20,2206,0.8295557570262919,0.6759941089837997,0.7463414634146341,0.7094281298299846,0.8040318253591083,615.0,1591.0,459.0,220.0,156.0,1371.0,0.0,-0.19307979840186093,-78.10703325100337,0.0,32.81550538109144,39.15151654452776,2595.9372753304806,32.81550538109144,32.81550538109144
pop,Always Hot,20,2206,0.2787851314596555,0.2787851314596555,1.0,0.4360155973059199,0.0,615.0,1591.0,615.0,1591.0,0.0,0.0,-0.19307979840186093,-0.19307979840186093,-78.10703325100337,0.0,39.15151654452776,39.15151654452776,2595.9372753304806,32.81550538109144,32.81550538109144
pop,Always Warm,20,2206,0.7212148685403446,0.0,0.0,0.0,0.0,615.0,1591.0,0.0,0.0,615.0,1591.0,-78.10703325100337,-0.19307979840186093,-78.10703325100337,0.0,2595.9372753304806,39.15151654452776,2595.9372753304806,32.81550538109144,32.81550538109144
pop,SVMR,20,2206,0.8096101541251133,0.8823529411764706,0.36585365853658536,0.5172413793103449,0.673498796584446,615.0,1591.0,225.0,30.0,390.0,1561.0,-7.469888532098257,-0.19307979840186093,-78.10703325100337,0.0,277.94367270231504,39.15151654452776,2595.9372753304806,32.81550538109144,32.81550538109144
pop,Online,21,2271,0.8119771025979745,0.4538216560509554,0.7723577235772358,0.571715145436309,0.796010617834885,369.0,1902.0,285.0,343.0,84.0,1559.0,0.0,-0.20534574793932386,-58.74010964335137,0.0,33.89522594090033,40.85546646330688,2024.9045140955534,33.89522594090033,33.89522594090033
pop,Always Hot,21,2271,0.16248348745046234,0.16248348745046234,1.0,0.27954545454545454,0.0,369.0,1902.0,369.0,1902.0,0.0,0.0,-0.20534574793932386,-0.20534574793932386,-58.74010964335137,0.0,40.85546646330688,40.85546646330688,2024.9045140955534,33.89522594090033,33.89522594090033
pop,Always Warm,21,2271,0.8375165125495376,0.0,0.0,0.0,0.0,369.0,1902.0,0.0,0.0,369.0,1902.0,-58.74010964335137,-0.20534574793932386,-58.74010964335137,0.0,2024.9045140955534,40.85546646330688,2024.9045140955534,33.89522594090033,33.89522594090033
pop,SVMR,21,2271,0.8608542492294143,0.6244131455399061,0.3604336043360434,0.4570446735395189,0.6591863079514076,369.0,1902.0,133.0,80.0,236.0,1822.0,-0.3507892991528529,-0.20534574793932386,-58.74010964335137,0.0,45.78530849333636,40.85546646330688,2024.9045140955534,33.89522594090033,33.89522594090033
pop,Online,22,2337,0.8780487804878049,0.3720316622691293,0.75,0.4973544973544973,0.8196254071661238,188.0,2149.0,141.0,238.0,47.0,1911.0,0.0,-0.2937134206908565,-26.515807887233155,0.0,32.49511061999378,42.03936071591993,894.1292210941386,32.49511061999378,32.49511061999378
pop,Always Hot,22,2337,0.08044501497646556,0.08044501497646556,1.0,0.1489108910891089,0.0,188.0,2149.0,188.0,2149.0,0.0,0.0,-0.2937134206908565,-0.2937134206908565,-26.515807887233155,0.0,42.03936071591993,42.03936071591993,894.1292210941386,32.49511061999378,32.49511061999378
pop,Always Warm,22,2337,0.9195549850235345,0.0,0.0,0.0,0.0,188.0,2149.0,0.0,0.0,188.0,2149.0,-26.515807887233155,-0.2937134206908565,-26.515807887233155,0.0,894.1292210941386,42.03936071591993,894.1292210941386,32.49511061999378,32.49511061999378
pop,SVMR,22,2337,0.9229781771501926,0.5408163265306123,0.28191489361702127,0.3706293706293706,0.6304874607684922,188.0,2149.0,53.0,45.0,135.0,2104.0,-0.24509954784507693,-0.2937134206908565,-26.515807887233155,0.0,40.459647540130014,42.03936071591993,894.1292210941386,32.49511061999378,32.49511061999378
pop,Online,23,2390,0.8870292887029289,0.5235602094240838,0.35842293906810035,0.425531914893617,0.6576577035463667,279.0,2111.0,100.0,91.0,179.0,2020.0,0.0,-0.46146995417379816,-10.765281897490203,0.0,28.978706200955404,42.351508423526255,340.9426474787877,28.978706200955404,28.978706200955404
pop,Always Hot,23,2390,0.11673640167364016,0.11673640167364016,1.0,0.20906706631697264,0.0,279.0,2111.0,279.0,2111.0,0.0,0.0,-0.46146995417379816,-0.46146995417379816,-10.765281897490203,0.0,42.351508423526255,42.351508423526255,340.9426474787877,28.978706200955404,28.978706200955404
pop,Always Warm,23,2390,0.8832635983263598,0.0,0.0,0.0,0.0,279.0,2111.0,0.0,0.0,279.0,2111.0,-10.765281897490203,-0.46146995417379816,-10.765281897490203,0.0,340.9426474787877,42.351508423526255,340.9426474787877,28.978706200955404,28.978706200955404
pop,SVMR,23,2390,0.8882845188284518,0.8333333333333334,0.053763440860215055,0.10101010101010101,0.5261711567162278,279.0,2111.0,15.0,3.0,264.0,2108.0,-1.3226910422414777,-0.46146995417379816,-10.765281897490203,0.0,67.30858130870668,42.351508423526255,340.9426474787877,28.978706200955404,28.978706200955404
pop,Online,24,2414,0.7883181441590721,0.7649122807017544,0.3293051359516616,0.4604012671594509,0.6455315634096208,662.0,1752.0,218.0,67.0,444.0,1685.0,0.0,-0.39159451668521955,-11.379918218683727,0.0,30.93794527554671,43.053075002958195,383.00923236538085,30.93794527554671,30.93794527554671
pop,Always Hot,24,2414,0.2742336371168186,0.2742336371168186,1.0,0.4304291287386216,0.0,662.0,1752.0,662.0,1752.0,0.0,0.0,-0.39159451668521955,-0.39159451668521955,-11.379918218683727,0.0,43.053075002958195,43.053075002958195,383.00923236538085,30.93794527554671,30.93794527554671
pop,Always Warm,24,2414,0.7257663628831814,0.0,0.0,0.0,0.0,662.0,1752.0,0.0,0.0,662.0,1752.0,-11.379918218683727,-0.39159451668521955,-11.379918218683727,0.0,383.00923236538085,43.053075002958195,383.00923236538085,30.93794527554671,30.93794527554671
pop,SVMR,24,2414,0.7419221209610605,0.9148936170212766,0.0649546827794562,0.12129760225669958,0.5313357888783126,662.0,1752.0,43.0,4.0,619.0,1748.0,-1.1226405201011684,-0.39159451668521955,-11.379918218683727,0.0,65.67013625054796,43.053075002958195,383.00923236538085,30.93794527554671,30.93794527554671
pop,Online,25,2415,0.8418219461697722,0.7164404223227753,0.7100149476831091,0.7132132132132132,0.8011701313444182,669.0,1746.0,475.0,188.0,194.0,1558.0,0.0,-0.19598212814857238,-41.61737070031834,0.0,37.78900460650361,45.19497414990239,1610.4680177114017,37.78900460650361,37.78900460650361
pop,Always Hot,25,2415,0.27701863354037265,0.27701863354037265,1.0,0.433852140077821,0.0,669.0,1746.0,669.0,1746.0,0.0,0.0,-0.19598212814857238,-0.19598212814857238,-41.61737070031834,0.0,45.19497414990239,45.19497414990239,1610.4680177114017,37.78900460650361,37.78900460650361
pop,Always Warm,25,2415,0.7229813664596273,0.0,0.0,0.0,0.0,669.0,1746.0,0.0,0.0,669.0,1746.0,-41.61737070031834,-0.19598212814857238,-41.61737070031834,0.0,1610.4680177114017,45.19497414990239,1610.4680177114017,37.78900460650361,37.78900460650361
pop,SVMR,25,2415,0.8124223602484472,0.8483870967741935,0.3931240657698057,0.5372829417773238,0.6831026972606187,669.0,1746.0,263.0,47.0,406.0,1699.0,-0.14620561546374647,-0.19598212814857238,-41.61737070031834,0.0,43.31396928275982,45.19497414990239,1610.4680177114017,37.78900460650361,37.78900460650361
pop,Online,26,2431,0.8523241464417936,0.7307692307692307,0.736214605067064,0.7334818114328137,0.8164027570789865,671.0,1760.0,494.0,182.0,177.0,1578.0,0.0,-0.2198433294365298,-62.237121750523,0.0,40.07569681718584,48.88607143496492,2534.2717188654283,40.07569681718584,40.07569681718584
pop,Always Hot,26,2431,0.27601809954751133,0.27601809954751133,1.0,0.4326241134751773,0.0,671.0,1760.0,671.0,1760.0,0.0,0.0,-0.2198433294365298,-0.2198433294365298,-62.237121750523,0.0,48.88607143496492,48.88607143496492,2534.2717188654283,40.07569681718584,40.07569681718584
pop,Always Warm,26,2431,0.7239819004524887,0.0,0.0,0.0,0.0,671.0,1760.0,0.0,0.0,671.0,1760.0,-62.237121750523,-0.2198433294365298,-62.237121750523,0.0,2534.2717188654283,48.88607143496492,2534.2717188654283,40.07569681718584,40.07569681718584
pop,SVMR,26,2431,0.8251748251748252,0.875,0.4277198211624441,0.5745745745745746,0.7022121833084948,671.0,1760.0,287.0,41.0,384.0,1719.0,-0.11583916098995489,-0.2198433294365298,-62.237121750523,0.0,44.71803191257646,48.88607143496492,2534.2717188654283,40.07569681718584,40.07569681718584
pop,Online,27,2500,0.8452,0.6857962697274032,0.739938080495356,0.7118391660461653,0.810907551574539,646.0,1854.0,478.0,219.0,168.0,1635.0,0.0,-0.1695308052368311,-74.61813305656355,0.0,43.47550328862679,50.84594036922419,3287.536392380447,43.47550328862679,43.47550328862679
pop,Always Hot,27,2500,0.2584,0.2584,1.0,0.410680228862047,0.0,646.0,1854.0,646.0,1854.0,0.0,0.0,-0.1695308052368311,-0.1695308052368311,-74.61813305656355,0.0,50.84594036922419,50.84594036922419,3287.536392380447,43.47550328862679,43.47550328862679
pop,Always Warm,27,2500,0.7416,0.0,0.0,0.0,0.0,646.0,1854.0,0.0,0.0,646.0,1854.0,-74.61813305656355,-0.1695308052368311,-74.61813305656355,0.0,3287.536392380447,50.84594036922419,3287.536392380447,43.47550328862679,43.47550328862679
pop,SVMR,27,2500,0.8248,0.8687943262411347,0.37925696594427244,0.5280172413793104,0.6796500579451675,646.0,1854.0,245.0,37.0,401.0,1817.0,-0.2266094572727672,-0.1695308052368311,-74.61813305656355,0.0,53.32746349352291,50.84594036922419,3287.536392380447,43.47550328862679,43.47550328862679
pop,Online,28,2595,0.8366088631984586,0.6764705882352942,0.6927710843373494,0.6845238095238095,0.7894202392168361,664.0,1931.0,460.0,220.0,204.0,1711.0,0.0,-0.1930791872747546,-101.39549046939065,0.0,44.19694486388376,52.73045505822957,4525.567846585994,44.19694486388376,44.19694486388376
pop,Always Hot,28,2595,0.2558766859344894,0.2558766859344894,1.0,0.40748695918993555,0.0,664.0,1931.0,664.0,1931.0,0.0,0.0,-0.1930791872747546,-0.1930791872747546,-101.39549046939065,0.0,52.73045505822957,52.73045505822957,4525.567846585994,44.19694486388376,44.19694486388376
pop,Always Warm,28,2595,0.7441233140655106,0.0,0.0,0.0,0.0,664.0,1931.0,0.0,0.0,664.0,1931.0,-101.39549046939065,-0.1930791872747546,-101.39549046939065,0.0,4525.567846585994,52.73045505822957,4525.567846585994,44.19694486388376,44.19694486388376
pop,SVMR,28,2595,0.8208092485549133,0.8618181818181818,0.3569277108433735,0.5047923322683706,0.6686243940027329,664.0,1931.0,237.0,38.0,427.0,1893.0,-0.20779436227627027,-0.1930791872747546,-101.39549046939065,0.0,53.38082083643396,52.73045505822957,4525.567846585994,44.19694486388376,44.19694486388376
pop,Online,29,2679,0.8402388951101157,0.6832116788321168,0.6892488954344624,0.6862170087976539,0.7903744477172312,679.0,2000.0,468.0,217.0,211.0,1783.0,0.0,-0.1989376817245968,-142.34399549854413,0.0,46.2253402365808,55.42130226017691,6626.124962791108,46.2253402365808,46.2253402365808
pop,Always Hot,29,2679,0.2534527808883912,0.2534527808883912,1.0,0.4044073853484217,0.0,679.0,2000.0,679.0,2000.0,0.0,0.0,-0.1989376817245968,-0.1989376817245968,-142.34399549854413,0.0,55.42130226017691,55.42130226017691,6626.124962791108,46.2253402365808,46.2253402365808
pop,Always Warm,29,2679,0.7465472191116088,0.0,0.0,0.0,0.0,679.0,2000.0,0.0,0.0,679.0,2000.0,-142.34399549854413,-0.1989376817245968,-142.34399549854413,0.0,6626.124962791108,55.42130226017691,6626.124962791108,46.2253402365808,46.2253402365808
pop,SVMR,29,2679,0.8223217618514371,0.8888888888888888,0.34167893961708395,0.49361702127659574,0.663589469808542,679.0,2000.0,232.0,29.0,447.0,1971.0,-0.2888096708058904,-0.1989376817245968,-142.34399549854413,0.0,59.57566553319798,55.42130226017691,6626.124962791108,46.2253402365808,46.2253402365808
pop,Online,30,2744,0.8567784256559767,0.7075606276747504,0.7251461988304093,0.7162454873646209,0.8128158178618066,684.0,2060.0,496.0,205.0,188.0,1855.0,0.0,-0.20375391555603126,-128.4076761137189,0.0,48.056695930160465,57.84843589461625,6218.90534202568,48.056695930160465,48.056695930160465
pop,Always Hot,30,2744,0.24927113702623907,0.24927113702623907,1.0,0.3990665110851809,0.0,684.0,2060.0,684.0,2060.0,0.0,0.0,-0.20375391555603126,-0.20375391555603126,-128.4076761137189,0.0,57.84843589461625,57.84843589461625,6218.90534202568,48.056695930160465,48.056695930160465
pop,Always Warm,30,2744,0.750728862973761,0.0,0.0,0.0,0.0,684.0,2060.0,0.0,0.0,684.0,2060.0,-128.4076761137189,-0.20375391555603126,-128.4076761137189,0.0,6218.90534202568,57.84843589461625,6218.90534202568,48.056695930160465,48.056695930160465
pop,SVMR,30,2744,0.8021137026239067,0.8691099476439791,0.24269005847953215,0.37942857142857145,0.6152770680747176,684.0,2060.0,166.0,25.0,518.0,2035.0,-0.5494787597645429,-0.20375391555603126,-128.4076761137189,0.0,74.46282960824679,57.84843589461625,6218.90534202568,48.056695930160465,48.056695930160465
pop,Online,31,2810,0.8540925266903915,0.6850282485875706,0.7217261904761905,0.7028985507246377,0.8087115517394985,672.0,2138.0,485.0,223.0,187.0,1915.0,0.0,-0.20224162868667872,-83.02148924282717,0.0,49.613137953889314,59.646979777940764,4168.569736895612,49.613137953889314,49.613137953889314
pop,Always Hot,31,2810,0.2391459074733096,0.2391459074733096,1.0,0.38598506605399197,0.0,672.0,2138.0,672.0,2138.0,0.0,0.0,-0.20224162868667872,-0.20224162868667872,-83.02148924282717,0.0,59.646979777940764,59.646979777940764,4168.569736895612,49.613137953889314,49.613137953889314
pop,Always Warm,31,2810,0.7608540925266903,0.0,0.0,0.0,0.0,672.0,2138.0,0.0,0.0,672.0,2138.0,-83.02148924282717,-0.20224162868667872,-83.02148924282717,0.0,4168.569736895612,59.646979777940764,4168.569736895612,49.613137953889314,49.613137953889314
pop,SVMR,31,2810,0.8192170818505338,0.9019607843137255,0.27380952380952384,0.4200913242009132,0.6322274934295514,672.0,2138.0,184.0,20.0,488.0,2118.0,-0.4736525876678304,-0.20224162868667872,-83.02148924282717,0.0,73.11252912807004,59.646979777940764,4168.569736895612,49.613137953889314,49.613137953889314
pop,Online,32,2904,0.862603305785124,0.6872309899569584,0.7257575757575757,0.7059690493736183,0.8143048128342245,660.0,2244.0,479.0,218.0,181.0,2026.0,0.0,-0.21491407476992547,-62.62083243127725,0.0,50.477730754742524,61.326105556383425,3211.435249858604,50.477730754742524,50.477730754742524
pop,Always Hot,32,2904,0.22727272727272727,0.22727272727272727,1.0,0.37037037037037035,0.0,660.0,2244.0,660.0,2244.0,0.0,0.0,-0.21491407476992547,-0.21491407476992547,-62.62083243127725,0.0,61.326105556383425,61.326105556383425,3211.435249858604,50.477730754742524,50.477730754742524
pop,Always Warm,32,2904,0.7727272727272727,0.0,0.0,0.0,0.0,660.0,2244.0,0.0,0.0,660.0,2244.0,-62.62083243127725,-0.21491407476992547,-62.62083243127725,0.0,3211.435249858604,61.326105556383425,3211.435249858604,50.477730754742524,50.477730754742524
pop,SVMR,32,2904,0.8205922865013774,0.845771144278607,0.25757575757575757,0.3948896631823461,0.6218805704099822,660.0,2244.0,170.0,31.0,490.0,2213.0,-0.7265987025543091,-0.21491407476992547,-62.62083243127725,0.0,87.15478442902419,61.326105556383425,3211.435249858604,50.477730754742524,50.477730754742524
pop,Online,33,2975,0.8605042016806723,0.6803519061583577,0.7019667170953101,0.6909903201787044,0.8038787777352091,661.0,2314.0,464.0,218.0,197.0,2096.0,0.0,-0.2171904472791175,-61.50332579975189,0.0,51.74343044311186,62.98160924480723,3234.136490982621,51.74343044311186,51.74343044311186
pop,Always Hot,33,2975,0.22218487394957984,0.22218487394957984,1.0,0.3635863586358636,0.0,661.0,2314.0,661.0,2314.0,0.0,0.0,-0.2171904472791175,-0.2171904472791175,-61.50332579975189,0.0,62.98160924480723,62.98160924480723,3234.136490982621,51.74343044311186,51.74343044311186
pop,Always Warm,33,2975,0.7778151260504201,0.0,0.0,0.0,0.0,661.0,2314.0,0.0,0.0,661.0,2314.0,-61.50332579975189,-0.2171904472791175,-61.50332579975189,0.0,3234.136490982621,62.98160924480723,3234.136490982621,51.74343044311186,51.74343044311186
pop,SVMR,33,2975,0.8332773109243697,0.8634361233480177,0.29652042360060515,0.44144144144144143,0.6415618539783492,661.0,2314.0,196.0,31.0,465.0,2283.0,-0.21954782483692473,-0.2171904472791175,-61.50332579975189,0.0,63.103588046497784,62.98160924480723,3234.136490982621,51.74343044311186,51.74343044311186
pop,Online,34,3057,0.8740595354923127,0.7226277372262774,0.717391304347826,0.72,0.8185604599474661,690.0,2367.0,495.0,190.0,195.0,2177.0,0.0,-0.26017364279299154,-57.54883811066717,0.0,51.19976052776712,64.52058873440511,2997.686490445164,51.19976052776712,51.19976052776712
pop,Always Hot,34,3057,0.22571148184494602,0.22571148184494602,1.0,0.36829463570856685,0.0,690.0,2367.0,690.0,2367.0,0.0,0.0,-0.26017364279299154,-0.26017364279299154,-57.54883811066717,0.0,64.52058873440511,64.52058873440511,2997.686490445164,51.19976052776712,51.19976052776712
pop,Always Warm,34,3057,0.774288518155054,0.0,0.0,0.0,0.0,690.0,2367.0,0.0,0.0,690.0,2367.0,-57.54883811066717,-0.26017364279299154,-57.54883811066717,0.0,2997.686490445164,64.52058873440511,2997.686490445164,51.19976052776712,51.19976052776712
pop,SVMR,34,3057,0.8400392541707556,0.8972332015810277,0.3289855072463768,0.4814422057264051,0.6590005694237798,690.0,2367.0,227.0,26.0,463.0,2341.0,-0.23648991467762462,-0.26017364279299154,-57.54883811066717,0.0,63.30798752649358,64.52058873440511,2997.686490445164,51.19976052776712,51.19976052776712
pop,Online,35,3125,0.8608,0.6968011126564673,0.6977715877437326,0.697286012526096,0.8036012072495149,718.0,2407.0,501.0,218.0,217.0,2189.0,0.0,-0.2220977481402495,-58.632520245928504,0.0,55.207706446135056,67.46921372780959,3292.1746723804263,55.207706446135056,55.207706446135056
pop,Always Hot,35,3125,0.22976,0.22976,1.0,0.3736664064532917,0.0,718.0,2407.0,718.0,2407.0,0.0,0.0,-0.2220977481402495,-0.2220977481402495,-58.632520245928504,0.0,67.46921372780959,67.46921372780959,3292.1746723804263,55.207706446135056,55.207706446135056
pop,Always Warm,35,3125,0.77024,0.0,0.0,0.0,0.0,718.0,2407.0,0.0,0.0,718.0,2407.0,-58.632520245928504,-0.2220977481402495,-58.632520245928504,0.0,3292.1746723804263,67.46921372780959,3292.1746723804263,55.207706446135056,55.207706446135056
pop,SVMR,35,3125,0.83296,0.8656716417910447,0.3231197771587744,0.47058823529411764,0.654081699962852,718.0,2407.0,232.0,36.0,486.0,2371.0,-0.2747484544777418,-0.2220977481402495,-58.632520245928504,0.0,70.37593846747153,67.46921372780959,3292.1746723804263,55.207706446135056,55.207706446135056
pop,Online,36,3177,0.8624488511174063,0.666214382632293,0.7199413489736071,0.6920366455250176,0.8106720772924148,682.0,2495.0,491.0,246.0,191.0,2249.0,0.0,-0.22685732197127131,-57.89660297673127,0.0,57.10572471738281,70.06057649599691,3363.3331963782052,57.10572471738281,57.10572471738281
pop,Always Hot,36,3177,0.21466792571608437,0.21466792571608437,1.0,0.3534594454521897,0.0,682.0,2495.0,682.0,2495.0,0.0,0.0,-0.22685732197127131,-0.22685732197127131,-57.89660297673127,0.0,70.06057649599691,70.06057649599691,3363.3331963782052,57.10572471738281,57.10572471738281
pop,Always Warm,36,3177,0.7853320742839156,0.0,0.0,0.0,0.0,682.0,2495.0,0.0,0.0,682.0,2495.0,-57.89660297673127,-0.22685732197127131,-57.89660297673127,0.0,3363.3331963782052,70.06057649599691,3363.3331963782052,57.10572471738281,57.10572471738281
pop,SVMR,36,3177,0.8548945546112685,0.867109634551495,0.38269794721407624,0.5310274669379451,0.6833329415429099,682.0,2495.0,261.0,40.0,421.0,2455.0,-0.13743037064998528,-0.22685732197127131,-57.89660297673127,0.0,64.95378563152876,70.06057649599691,3363.3331963782052,57.10572471738281,57.10572471738281
pop,Online,37,3257,0.8618360454405894,0.6928471248246845,0.6813793103448276,0.6870653685674548,0.7974432096747834,725.0,2532.0,494.0,219.0,231.0,2313.0,0.0,-0.23544924003033404,-64.37315549778339,0.0,59.30365629909699,73.26665710573951,3876.867144827969,59.30365629909699,59.30365629909699
pop,Always Hot,37,3257,0.2225974823457169,0.2225974823457169,1.0,0.3641386238071321,0.0,725.0,2532.0,725.0,2532.0,0.0,0.0,-0.23544924003033404,-0.23544924003033404,-64.37315549778339,0.0,73.26665710573951,73.26665710573951,3876.867144827969,59.30365629909699,59.30365629909699
pop,Always Warm,37,3257,0.777402517654283,0.0,0.0,0.0,0.0,725.0,2532.0,0.0,0.0,725.0,2532.0,-64.37315549778339,-0.23544924003033404,-64.37315549778339,0.0,3876.867144827969,73.26665710573951,3876.867144827969,59.30365629909699,59.30365629909699
pop,SVMR,37,3257,0.8385016886705557,0.8644688644688645,0.3255172413793103,0.4729458917835671,0.6554521435964482,725.0,2532.0,236.0,37.0,489.0,2495.0,-0.17666354731490228,-0.23544924003033404,-64.37315549778339,0.0,69.78045058963922,73.26665710573951,3876.867144827969,59.30365629909699,59.30365629909699
pop,Online,38,3339,0.8604372566636718,0.6196808510638298,0.7213622291021672,0.6666666666666666,0.8075804832848377,646.0,2693.0,466.0,286.0,180.0,2407.0,0.0,-0.2009739396908727,-70.33597949913262,0.0,65.6127633001389,78.79921883457251,4680.550737660149,65.6127633001389,65.6127633001389
pop,Always Hot,38,3339,0.1934710991314765,0.1934710991314765,1.0,0.3242158092848181,0.0,646.0,2693.0,646.0,2693.0,0.0,0.0,-0.2009739396908727,-0.2009739396908727,-70.33597949913262,0.0,78.79921883457251,78.79921883457251,4680.550737660149,65.6127633001389,65.6127633001389
pop,Always Warm,38,3339,0.8065289008685235,0.0,0.0,0.0,0.0,646.0,2693.0,0.0,0.0,646.0,2693.0,-70.33597949913262,-0.2009739396908727,-70.33597949913262,0.0,4680.550737660149,78.79921883457251,4680.550737660149,65.6127633001389,65.6127633001389
pop,SVMR,38,3339,0.8643306379155435,0.8641509433962264,0.3544891640866873,0.5027442371020856,0.6705605864993408,646.0,2693.0,229.0,36.0,417.0,2657.0,-0.26448772668881165,-0.2009739396908727,-70.33597949913262,0.0,82.96653390716372,78.79921883457251,4680.550737660149,65.6127633001389,65.6127633001389
pop,Online,39,3419,0.8502486107048844,0.5392592592592592,0.6442477876106195,0.5870967741935483,0.7676389603785403,565.0,2854.0,364.0,311.0,201.0,2543.0,0.0,-0.21723913263702763,-67.52840433446538,0.0,67.4720004824577,82.12955934455192,4623.748530317104,67.4720004824577,67.4720004824577
pop,Always Hot,39,3419,0.16525299795261772,0.16525299795261772,1.0,0.2836345381526104,0.0,565.0,2854.0,565.0,2854.0,0.0,0.0,-0.21723913263702763,-0.21723913263702763,-67.52840433446538,0.0,82.12955934455192,82.12955934455192,4623.748530317104,67.4720004824577,67.4720004824577
pop,Always Warm,39,3419,0.8347470020473823,0.0,0.0,0.0,0.0,565.0,2854.0,0.0,0.0,565.0,2854.0,-67.52840433446538,-0.21723913263702763,-67.52840433446538,0.0,4623.748530317104,82.12955934455192,4623.748530317104,67.4720004824577,67.4720004824577
pop,SVMR,39,3419,0.869260017548991,0.7201492537313433,0.3415929203539823,0.46338535414165666,0.6576570067782526,565.0,2854.0,193.0,75.0,372.0,2779.0,-0.20912814057588747,-0.21723913263702763,-67.52840433446538,0.0,81.58229448428946,82.12955934455192,4623.748530317104,67.4720004824577,67.4720004824577
pop,Online,40,3497,0.8518730340291678,0.6569468267581475,0.5463623395149786,0.5965732087227414,0.7374157906444707,701.0,2796.0,383.0,200.0,318.0,2596.0,0.0,-0.26116627929468883,-38.37894909495557,0.0,66.60132092978913,83.99534011313364,2622.690026550965,66.60132092978913,66.60132092978913
pop,Always Hot,40,3497,0.20045753503002572,0.20045753503002572,1.0,0.333968556455455,0.0,701.0,2796.0,701.0,2796.0,0.0,0.0,-0.26116627929468883,-0.26116627929468883,-38.37894909495557,0.0,83.99534011313364,83.99534011313364,2622.690026550965,66.60132092978913,66.60132092978913
pop,Always Warm,40,3497,0.7995424649699743,0.0,0.0,0.0,0.0,701.0,2796.0,0.0,0.0,701.0,2796.0,-38.37894909495557,-0.26116627929468883,-38.37894909495557,0.0,2622.690026550965,83.99534011313364,2622.690026550965,66.60132092978913,66.60132092978913
pop,SVMR,40,3497,0.8335716328281384,0.8216216216216217,0.21683309557774608,0.3431151241534989,0.602515260235225,701.0,2796.0,152.0,33.0,549.0,2763.0,-0.25825820632686497,-0.26116627929468883,-38.37894909495557,0.0,83.80165861211636,83.99534011313364,2622.690026550965,66.60132092978913,66.60132092978913
pop,Online,41,3548,0.8607666290868095,0.6615811373092927,0.656121045392022,0.6588397790055248,0.784813447190871,727.0,2821.0,477.0,244.0,250.0,2577.0,0.0,-0.22426180255140504,-42.80166154989191,0.0,69.74548723489805,85.3867359220223,3054.9682264953112,69.74548723489805,69.74548723489805
pop,Always Hot,41,3548,0.20490417136414882,0.20490417136414882,1.0,0.3401169590643275,0.0,727.0,2821.0,727.0,2821.0,0.0,0.0,-0.22426180255140504,-0.22426180255140504,-42.80166154989191,0.0,85.3867359220223,85.3867359220223,3054.9682264953112,69.74548723489805,69.74548723489805
pop,Always Warm,41,3548,0.7950958286358512,0.0,0.0,0.0,0.0,727.0,2821.0,0.0,0.0,727.0,2821.0,-42.80166154989191,-0.22426180255140504,-42.80166154989191,0.0,3054.9682264953112,85.3867359220223,3054.9682264953112,69.74548723489805,69.74548723489805
pop,SVMR,41,3548,0.8382187147688839,0.9135135135135135,0.2324621733149931,0.3706140350877193,0.6133952128538809,727.0,2821.0,169.0,16.0,558.0,2805.0,-0.524832249306427,-0.22426180255140504,-42.80166154989191,0.0,106.35016817936229,85.3867359220223,3054.9682264953112,69.74548723489805,69.74548723489805
pop,Online,42,3585,0.8898186889818689,0.7366984993178718,0.7277628032345014,0.7322033898305085,0.8299383836784536,742.0,2843.0,540.0,193.0,202.0,2650.0,0.0,-0.2234226673012671,-204.6078738150051,0.0,71.9068866108008,87.97251501471568,14784.62206870341,71.9068866108008,71.9068866108008
pop,Always Hot,42,3585,0.20697350069735007,0.20697350069735007,1.0,0.3429627917725907,0.0,742.0,2843.0,742.0,2843.0,0.0,0.0,-0.2234226673012671,-0.2234226673012671,-204.6078738150051,0.0,87.97251501471568,87.97251501471568,14784.62206870341,71.9068866108008,71.9068866108008
pop,Always Warm,42,3585,0.7930264993026499,0.0,0.0,0.0,0.0,742.0,2843.0,0.0,0.0,742.0,2843.0,-204.6078738150051,-0.2234226673012671,-204.6078738150051,0.0,14784.62206870341,87.97251501471568,14784.62206870341,71.9068866108008,71.9068866108008
pop,SVMR,42,3585,0.8616457461645746,0.8773006134969326,0.38544474393531,0.5355805243445693,0.6856875495969198,742.0,2843.0,286.0,40.0,456.0,2803.0,-0.2771759632008215,-0.2234226673012671,-204.6078738150051,0.0,91.83774716792176,87.97251501471568,14784.62206870341,71.9068866108008,71.9068866108008
pop,Online,43,3652,0.871303395399781,0.6688654353562006,0.6983471074380165,0.683288409703504,0.8062822345118995,726.0,2926.0,507.0,251.0,219.0,2675.0,0.0,-0.21300789366618947,-68.19050602804235,0.0,74.39159657111331,90.23759386319108,5147.192210989309,74.39159657111331,74.39159657111331
pop,Always Hot,43,3652,0.19879518072289157,0.19879518072289157,1.0,0.3316582914572864,0.0,726.0,2926.0,726.0,2926.0,0.0,0.0,-0.21300789366618947,-0.21300789366618947,-68.19050602804235,0.0,90.23759386319108,90.23759386319108,5147.192210989309,74.39159657111331,74.39159657111331
pop,Always Warm,43,3652,0.8012048192771084,0.0,0.0,0.0,0.0,726.0,2926.0,0.0,0.0,726.0,2926.0,-68.19050602804235,-0.21300789366618947,-68.19050602804235,0.0,5147.192210989309,90.23759386319108,5147.192210989309,74.39159657111331,74.39159657111331
pop,SVMR,43,3652,0.8639101861993428,0.8501529051987767,0.38292011019283745,0.5280151946818613,0.6830868493547919,726.0,2926.0,278.0,49.0,448.0,2877.0,-0.19518623488464945,-0.21300789366618947,-68.19050602804235,0.0,88.91181221288672,90.23759386319108,5147.192210989309,74.39159657111331,74.39159657111331
pop,Online,44,3722,0.8753358409457281,0.6447721179624665,0.7073529411764706,0.6746143057503506,0.810119600108288,680.0,3042.0,481.0,265.0,199.0,2777.0,0.0,-0.24303889301500664,-99.89886565819941,0.0,73.82414678445207,91.76628569672266,7448.7726687356235,73.82414678445207,73.82414678445207
pop,Always Hot,44,3722,0.1826974744760881,0.1826974744760881,1.0,0.3089504770558837,0.0,680.0,3042.0,680.0,3042.0,0.0,0.0,-0.24303889301500664,-0.24303889301500664,-99.89886565819941,0.0,91.76628569672266,91.76628569672266,7448.7726687356235,73.82414678445207,73.82414678445207
pop,Always Warm,44,3722,0.8173025255239119,0.0,0.0,0.0,0.0,680.0,3042.0,0.0,0.0,680.0,3042.0,-99.89886565819941,-0.24303889301500664,-99.89886565819941,0.0,7448.7726687356235,91.76628569672266,7448.7726687356235,73.82414678445207,73.82414678445207
pop,SVMR,44,3722,0.8473938742611499,0.9117647058823529,0.18235294117647058,0.30392156862745096,0.5892040840004641,680.0,3042.0,124.0,12.0,556.0,3030.0,-1.540969685305587,-0.24303889301500664,-99.89886565819941,0.0,187.58491902284263,91.76628569672266,7448.7726687356235,73.82414678445207,73.82414678445207
pop,Online,45,3802,0.8166754339821147,0.0,0.0,0.0,0.0,0.0,3802.0,0.0,697.0,0.0,3105.0,0.0,-0.26683211799245876,-54.799079401285866,0.0,74.22174666876755,94.02649253349452,4141.505135672685,74.22174666876755,74.22174666876755
pop,Always Hot,45,3802,0.0,0.0,0.0,0.0,0.0,0.0,3802.0,0.0,0.0,0.0,3802.0,-0.26683211799245876,-0.26683211799245876,-54.799079401285866,0.0,94.02649253349452,94.02649253349452,4141.505135672685,74.22174666876755,74.22174666876755
pop,Always Warm,45,3802,1.0,0.0,0.0,0.0,0.0,0.0,3802.0,0.0,0.0,0.0,3802.0,-54.799079401285866,-0.26683211799245876,-54.799079401285866,0.0,4141.505135672685,94.02649253349452,4141.505135672685,74.22174666876755,74.22174666876755
pop,SVMR,45,3802,0.9423987375065754,0.0,0.0,0.0,0.0,0.0,3802.0,0.0,219.0,0.0,3583.0,-0.30500391552557266,-0.26683211799245876,-54.799079401285866,0.0,96.85967001988878,94.02649253349452,4141.505135672685,74.22174666876755,74.22174666876755
